,(년-월-일:시),PM10등급,PM10,PM2.5등급,PM2.5,오존등급,오존,이산화질소등급,이산화질소,일산화탄소등급,일산화탄소,아황산가스등급,아황산가스
0,2021-05-15:15,보통,47.0,보통,19.0,좋음,0.017,좋음,0.023,좋음,0.4,좋음,0.003
1,2021-05-15:14,보통,43.0,보통,20.0,좋음,0.024,좋음,0.019,좋음,0.3,좋음,0.003
2,2021-05-15:13,보통,34.0,보통,24.0,보통,0.035,좋음,0.017,좋음,0.4,좋음,0.004
3,2021-05-15:12,보통,41.0,보통,27.0,보통,0.037,좋음,0.02,좋음,0.4,좋음,0.004
4,2021-05-15:11,보통,51.0,보통,34.0,보통,0.033,좋음,0.023,좋음,0.4,좋음,0.005
5,2021-05-15:10,보통,47.0,보통,31.0,좋음,0.028,좋음,0.029,좋음,0.5,좋음,0.005
6,2021-05-15:09,보통,66.0,나쁨,42.0,좋음,0.027,좋음,0.024,좋음,0.5,좋음,0.005
7,2021-05-15:08,나쁨,99.0,나쁨,69.0,좋음,0.016,보통,0.041,좋음,0.6,좋음,0.005
8,2021-05-15:07,나쁨,111.0,매우나쁨,76.0,좋음,0.005,보통,0.047,좋음,0.7,좋음,0.005
9,2021-05-15:06,나쁨,100.0,나쁨,68.0,좋음,0.007,보통,0.041,좋음,0.6,좋음,0.005
10,2021-05-15:05,나쁨,105.0,나쁨,72.0,좋음,0.019,보통,0.031,좋음,0.6,좋음,0.006
11,2021-05-15:04,나쁨,99.0,나쁨,72.0,좋음,0.019,좋음,0.03,좋음,0.6,좋음,0.006
12,2021-05-15:03,나쁨,97.0,나쁨,71.0,좋음,0.016,보통,0.037,좋음,0.6,좋음,0.005
13,2021-05-15:02,나쁨,94.0,나쁨,64.0,좋음,0.012,보통,0.049,좋음,0.7,좋음,0.006
14,2021-05-15:01,나쁨,95.0,나쁨,63.0,좋음,0.011,보통,0.055,좋음,0.7,좋음,0.006
15,2021-05-14:24,보통,80.0,나쁨,52.0,좋음,0.014,보통,0.054,좋음,0.7,좋음,0.006
16,2021-05-14:23,나쁨,82.0,나쁨,53.0,좋음,0.029,보통,0.044,좋음,0.6,좋음,0.005
17,2021-05-14:22,나쁨,82.0,나쁨,43.0,보통,0.04,보통,0.043,좋음,0.6,좋음,0.005
18,2021-05-14:21,보통,68.0,보통,35.0,보통,0.054,보통,0.033,좋음,0.5,좋음,0.005
19,2021-05-14:20,보통,68.0,나쁨,39.0,보통,0.076,좋음,0.029,좋음,0.5,좋음,0.005
20,2021-05-14:19,보통,72.0,나쁨,37.0,나쁨,0.093,좋음,0.03,좋음,0.5,좋음,0.005
21,2021-05-14:18,보통,43.0,보통,25.0,보통,0.072,좋음,0.027,좋음,0.4,좋음,0.004
22,2021-05-14:17,보통,45.0,보통,25.0,보통,0.082,좋음,0.019,좋음,0.3,좋음,0.004
23,2021-05-14:16,보통,42.0,보통,21.0,보통,0.085,좋음,0.022,좋음,0.3,좋음,0.004
24,2021-05-14:15,보통,43.0,보통,20.0,보통,0.071,좋음,0.02,좋음,0.3,좋음,0.004
25,2021-05-14:14,보통,41.0,보통,22.0,보통,0.071,좋음,0.024,좋음,0.4,좋음,0.004
26,2021-05-14:13,보통,50.0,보통,18.0,보통,0.053,좋음,0.024,좋음,0.4,좋음,0.004
27,2021-05-14:12,보통,58.0,보통,28.0,보통,0.045,좋음,0.025,좋음,0.4,좋음,0.004
28,2021-05-14:11,보통,76.0,나쁨,45.0,보통,0.045,보통,0.036,좋음,0.6,좋음,0.005
29,2021-05-14:10,보통,79.0,나쁨,44.0,좋음,0.019,보통,0.056,좋음,0.8,좋음,0.005
30,2021-05-14:09,보통,68.0,나쁨,39.0,좋음,0.013,보통,0.051,좋음,0.6,좋음,0.004
31,2021-05-14:08,보통,51.0,보통,29.0,좋음,0.009,보통,0.041,좋음,0.6,좋음,0.004
32,2021-05-14:07,보통,42.0,보통,27.0,좋음,0.005,보통,0.039,좋음,0.5,좋음,0.004
33,2021-05-14:06,보통,43.0,보통,23.0,좋음,0.007,보통,0.032,좋음,0.4,좋음,0.003
34,2021-05-14:05,보통,45.0,보통,24.0,좋음,0.013,좋음,0.023,좋음,0.4,좋음,0.004
35,2021-05-14:04,보통,46.0,보통,24.0,좋음,0.011,좋음,0.028,좋음,0.4,좋음,0.004
36,2021-05-14:03,보통,45.0,보통,26.0,좋음,0.015,좋음,0.028,좋음,0.4,좋음,0.004
37,2021-05-14:02,보통,46.0,보통,24.0,좋음,0.022,좋음,0.029,좋음,0.4,좋음,0.003
38,2021-05-14:01,보통,48.0,보통,25.0,좋음,0.02,보통,0.036,좋음,0.5,좋음,0.004
39,2021-05-13:24,보통,49.0,보통,24.0,좋음,0.024,보통,0.035,좋음,0.5,좋음,0.004
40,2021-05-13:23,보통,50.0,보통,25.0,보통,0.034,좋음,0.029,좋음,0.4,좋음,0.004
41,2021-05-13:22,보통,48.0,보통,23.0,보통,0.043,좋음,0.028,좋음,0.5,좋음,0.005
42,2021-05-13:21,보통,49.0,보통,27.0,보통,0.051,보통,0.031,좋음,0.5,좋음,0.004
43,2021-05-13:20,보통,50.0,보통,29.0,보통,0.064,좋음,0.029,좋음,0.4,좋음,0.004
44,2021-05-13:19,보통,55.0,보통,28.0,보통,0.067,좋음,0.024,좋음,0.4,좋음,0.005
45,2021-05-13:18,보통,60.0,보통,33.0,보통,0.085,좋음,0.019,좋음,0.4,좋음,0.005
46,2021-05-13:17,보통,72.0,나쁨,38.0,나쁨,0.111,좋음,0.019,좋음,0.4,좋음,0.004
47,2021-05-13:16,보통,65.0,보통,35.0,나쁨,0.123,좋음,0.025,좋음,0.4,좋음,0.004
48,2021-05-13:15,보통,53.0,보통,27.0,나쁨,0.093,좋음,0.023,좋음,0.4,좋음,0.004
49,2021-05-13:14,보통,55.0,보통,33.0,보통,0.078,좋음,0.024,좋음,0.4,좋음,0.004
50,2021-05-13:13,좋음,20.0,좋음,12.0,보통,0.064,보통,0.035,좋음,0.5,좋음,0.003
51,2021-05-13:12,,,,,,,,,,,,
52,2021-05-13:11,보통,43.0,보통,20.0,보통,0.044,좋음,0.028,좋음,0.4,좋음,0.001
53,2021-05-13:10,보통,36.0,보통,16.0,좋음,0.03,보통,0.037,좋음,0.5,좋음,0.001
54,2021-05-13:09,보통,39.0,보통,20.0,좋음,0.027,좋음,0.03,좋음,0.5,좋음,0.001
55,2021-05-13:08,보통,37.0,보통,19.0,좋음,0.015,보통,0.039,좋음,0.5,좋음,0.001
56,2021-05-13:07,보통,46.0,보통,22.0,좋음,0.01,보통,0.04,좋음,0.5,좋음,0.001
57,2021-05-13:06,보통,34.0,보통,20.0,좋음,0.01,보통,0.04,좋음,0.4,좋음,0.001
58,2021-05-13:05,보통,38.0,보통,23.0,좋음,0.011,보통,0.036,좋음,0.5,좋음,0.001
59,2021-05-13:04,보통,41.0,보통,23.0,좋음,0.007,보통,0.042,좋음,0.5,좋음,0.001
60,2021-05-13:03,보통,38.0,보통,20.0,좋음,0.01,보통,0.042,좋음,0.5,좋음,0.001
61,2021-05-13:02,보통,33.0,보통,18.0,좋음,0.017,보통,0.041,좋음,0.5,좋음,0.001
62,2021-05-13:01,보통,36.0,보통,20.0,좋음,0.025,보통,0.035,좋음,0.4,좋음,0.001
63,2021-05-12:24,보통,38.0,보통,20.0,좋음,0.016,보통,0.05,좋음,0.5,좋음,0.001
64,2021-05-12:23,보통,40.0,보통,19.0,보통,0.035,보통,0.036,좋음,0.4,좋음,0.001
65,2021-05-12:22,보통,43.0,보통,21.0,보통,0.044,보통,0.033,좋음,0.5,좋음,0.001
66,2021-05-12:21,보통,44.0,보통,25.0,보통,0.045,보통,0.042,좋음,0.5,좋음,0.001
67,2021-05-12:20,보통,42.0,보통,23.0,보통,0.04,보통,0.051,좋음,0.5,좋음,0.001
68,2021-05-12:19,보통,33.0,보통,16.0,보통,0.06,보통,0.031,좋음,0.4,좋음,0.001
69,2021-05-12:18,보통,32.0,좋음,15.0,보통,0.069,좋음,0.023,좋음,0.4,좋음,0.001
70,2021-05-12:17,좋음,30.0,좋음,13.0,보통,0.068,좋음,0.022,좋음,0.4,좋음,0.001
71,2021-05-12:16,좋음,27.0,좋음,12.0,보통,0.065,좋음,0.021,좋음,0.3,좋음,0.001
72,2021-05-12:15,좋음,27.0,좋음,11.0,보통,0.059,좋음,0.022,좋음,0.4,좋음,0.001
73,2021-05-12:14,좋음,24.0,좋음,13.0,보통,0.055,좋음,0.021,좋음,0.4,좋음,0.001
74,2021-05-12:13,좋음,22.0,좋음,11.0,보통,0.051,좋음,0.019,좋음,0.4,좋음,0.001
75,2021-05-12:12,좋음,21.0,좋음,9.0,보통,0.044,좋음,0.02,좋음,0.4,좋음,0.001
76,2021-05-12:11,좋음,23.0,좋음,10.0,보통,0.039,좋음,0.021,좋음,0.4,좋음,0.001
77,2021-05-12:10,좋음,22.0,좋음,8.0,보통,0.034,좋음,0.025,좋음,0.5,좋음,0.001
78,2021-05-12:09,좋음,19.0,좋음,8.0,좋음,0.029,좋음,0.027,좋음,0.4,좋음,0.001
79,2021-05-12:08,좋음,17.0,좋음,9.0,보통,0.031,좋음,0.023,좋음,0.3,좋음,0.001
80,2021-05-12:07,좋음,16.0,좋음,9.0,좋음,0.03,좋음,0.023,좋음,0.3,좋음,0.001
81,2021-05-12:06,좋음,17.0,좋음,9.0,보통,0.034,좋음,0.017,좋음,0.3,좋음,0.001
82,2021-05-12:05,좋음,17.0,좋음,12.0,보통,0.037,좋음,0.011,좋음,0.3,좋음,0.001
83,2021-05-12:04,좋음,18.0,좋음,10.0,보통,0.035,좋음,0.014,좋음,0.3,좋음,0.001
84,2021-05-12:03,좋음,16.0,좋음,9.0,보통,0.032,좋음,0.018,좋음,0.3,좋음,0.001
85,2021-05-12:02,좋음,16.0,좋음,8.0,보통,0.035,좋음,0.018,좋음,0.4,좋음,0.001
86,2021-05-12:01,좋음,21.0,좋음,7.0,좋음,0.027,좋음,0.026,좋음,0.4,좋음,0.001
87,2021-05-11:24,좋음,19.0,좋음,8.0,좋음,0.024,보통,0.032,좋음,0.4,좋음,0.001
88,2021-05-11:23,좋음,21.0,좋음,8.0,보통,0.033,좋음,0.023,좋음,0.4,좋음,0.001
89,2021-05-11:22,좋음,24.0,좋음,10.0,보통,0.035,좋음,0.021,좋음,0.4,좋음,0.001
90,2021-05-11:21,좋음,29.0,좋음,14.0,좋음,0.03,좋음,0.028,좋음,0.4,좋음,0.001
91,2021-05-11:20,보통,31.0,보통,17.0,보통,0.033,좋음,0.028,좋음,0.4,좋음,0.001
92,2021-05-11:19,좋음,27.0,좋음,13.0,보통,0.041,좋음,0.023,좋음,0.4,좋음,0.001
93,2021-05-11:18,좋음,26.0,좋음,11.0,보통,0.047,좋음,0.022,좋음,0.4,좋음,0.001
94,2021-05-11:17,좋음,26.0,좋음,12.0,보통,0.054,좋음,0.02,좋음,0.4,좋음,0.001
95,2021-05-11:16,좋음,24.0,좋음,10.0,보통,0.052,좋음,0.021,좋음,0.4,좋음,0.001
96,2021-05-11:15,좋음,25.0,좋음,9.0,보통,0.048,좋음,0.022,좋음,0.4,좋음,0.001
97,2021-05-11:14,좋음,23.0,좋음,11.0,보통,0.049,좋음,0.018,좋음,0.4,좋음,0.001
98,2021-05-11:13,좋음,27.0,좋음,12.0,보통,0.044,좋음,0.018,좋음,0.4,좋음,0.001
99,2021-05-11:12,좋음,30.0,좋음,10.0,보통,0.035,좋음,0.023,좋음,0.4,좋음,0.001
100,2021-05-11:11,좋음,30.0,좋음,9.0,보통,0.031,좋음,0.023,좋음,0.4,좋음,0.001
101,2021-05-11:10,좋음,26.0,좋음,8.0,좋음,0.023,좋음,0.025,좋음,0.4,좋음,0.001
102,2021-05-11:09,좋음,29.0,좋음,12.0,좋음,0.015,보통,0.034,좋음,0.4,좋음,0.001
103,2021-05-11:08,좋음,28.0,좋음,14.0,좋음,0.007,보통,0.038,좋음,0.5,좋음,0.001
104,2021-05-11:07,좋음,26.0,보통,16.0,좋음,0.005,보통,0.036,좋음,0.4,좋음,0.001
105,2021-05-11:06,좋음,21.0,좋음,11.0,좋음,0.004,보통,0.033,좋음,0.4,좋음,0.001
106,2021-05-11:05,좋음,23.0,좋음,12.0,좋음,0.008,보통,0.031,좋음,0.4,좋음,0.001
107,2021-05-11:04,좋음,22.0,좋음,11.0,좋음,0.007,보통,0.033,좋음,0.4,좋음,0.001
108,2021-05-11:03,좋음,26.0,좋음,11.0,좋음,0.004,보통,0.04,좋음,0.5,좋음,0.001
109,2021-05-11:02,좋음,18.0,좋음,11.0,좋음,0.006,보통,0.041,좋음,0.5,좋음,0.001
110,2021-05-11:01,좋음,22.0,좋음,11.0,좋음,0.013,보통,0.033,좋음,0.4,좋음,0.001
111,2021-05-10:24,좋음,19.0,좋음,10.0,좋음,0.014,보통,0.035,좋음,0.5,좋음,0.001
112,2021-05-10:23,좋음,19.0,좋음,11.0,좋음,0.021,좋음,0.028,좋음,0.4,좋음,0.001
113,2021-05-10:22,좋음,19.0,좋음,11.0,좋음,0.022,보통,0.031,좋음,0.4,좋음,0.001
114,2021-05-10:21,좋음,24.0,좋음,13.0,좋음,0.024,좋음,0.029,좋음,0.4,좋음,0.001
115,2021-05-10:20,좋음,24.0,좋음,14.0,좋음,0.023,좋음,0.028,좋음,0.4,좋음,0.001
116,2021-05-10:19,좋음,22.0,좋음,12.0,좋음,0.025,좋음,0.029,좋음,0.4,좋음,0.001
117,2021-05-10:18,좋음,21.0,좋음,12.0,좋음,0.024,보통,0.032,좋음,0.4,좋음,0.001
118,2021-05-10:17,좋음,22.0,좋음,10.0,좋음,0.026,좋음,0.029,좋음,0.3,좋음,0.001
119,2021-05-10:16,좋음,20.0,좋음,10.0,좋음,0.024,보통,0.031,좋음,0.3,좋음,0.001
120,2021-05-10:15,좋음,22.0,좋음,11.0,좋음,0.017,보통,0.037,좋음,0.4,좋음,0.001
121,2021-05-10:14,좋음,19.0,좋음,9.0,좋음,0.018,보통,0.036,좋음,0.4,좋음,0.001
122,2021-05-10:13,좋음,22.0,좋음,13.0,좋음,0.02,보통,0.039,좋음,0.4,좋음,0.001
123,2021-05-10:12,좋음,23.0,좋음,9.0,좋음,0.014,보통,0.048,좋음,0.5,좋음,0.002
124,2021-05-10:11,좋음,26.0,좋음,10.0,좋음,0.018,보통,0.042,좋음,0.4,좋음,0.002
125,2021-05-10:10,보통,40.0,좋음,13.0,좋음,0.009,보통,0.052,좋음,0.6,좋음,0.003
126,2021-05-10:09,보통,35.0,좋음,12.0,좋음,0.005,보통,0.048,좋음,0.5,좋음,0.002
127,2021-05-10:08,보통,31.0,좋음,11.0,좋음,0.009,보통,0.046,좋음,0.5,좋음,0.003
128,2021-05-10:07,보통,31.0,좋음,13.0,좋음,0.019,보통,0.037,좋음,0.4,좋음,0.003
129,2021-05-10:06,좋음,30.0,좋음,11.0,좋음,0.029,좋음,0.024,좋음,0.3,좋음,0.003
130,2021-05-10:05,좋음,28.0,좋음,14.0,좋음,0.019,좋음,0.03,좋음,0.4,좋음,0.003
131,2021-05-10:04,좋음,24.0,좋음,10.0,좋음,0.016,보통,0.031,좋음,0.4,좋음,0.003
132,2021-05-10:03,좋음,27.0,좋음,11.0,좋음,0.021,좋음,0.028,좋음,0.4,좋음,0.003
133,2021-05-10:02,좋음,27.0,좋음,10.0,좋음,0.02,보통,0.033,좋음,0.4,좋음,0.002
134,2021-05-10:01,보통,32.0,좋음,10.0,좋음,0.03,좋음,0.028,좋음,0.4,좋음,0.003
135,2021-05-09:24,좋음,28.0,좋음,10.0,좋음,0.026,보통,0.036,좋음,0.4,좋음,0.003
136,2021-05-09:23,좋음,28.0,좋음,9.0,보통,0.037,좋음,0.026,좋음,0.4,좋음,0.003
137,2021-05-09:22,좋음,29.0,좋음,10.0,보통,0.044,좋음,0.019,좋음,0.3,좋음,0.003
138,2021-05-09:21,보통,34.0,좋음,12.0,보통,0.046,좋음,0.018,좋음,0.3,좋음,0.003
139,2021-05-09:20,보통,35.0,좋음,12.0,보통,0.045,좋음,0.021,좋음,0.3,좋음,0.004
140,2021-05-09:19,보통,37.0,좋음,12.0,보통,0.055,좋음,0.014,좋음,0.3,좋음,0.003
141,2021-05-09:18,보통,37.0,좋음,10.0,보통,0.058,좋음,0.012,좋음,0.3,좋음,0.004
142,2021-05-09:17,보통,42.0,좋음,8.0,보통,0.059,좋음,0.009,좋음,0.3,좋음,0.003
143,2021-05-09:16,보통,40.0,좋음,6.0,보통,0.057,좋음,0.007,좋음,0.3,좋음,0.003
144,2021-05-09:15,보통,40.0,좋음,7.0,보통,0.056,좋음,0.005,좋음,0.3,좋음,0.002
145,2021-05-09:14,보통,33.0,좋음,7.0,보통,0.052,좋음,0.006,좋음,0.3,좋음,0.003
146,2021-05-09:13,보통,48.0,좋음,5.0,보통,0.051,좋음,0.005,좋음,0.3,좋음,0.002
147,2021-05-09:12,보통,60.0,좋음,6.0,보통,0.049,좋음,0.005,좋음,0.3,좋음,0.003
148,2021-05-09:11,보통,58.0,좋음,9.0,보통,0.047,좋음,0.006,좋음,0.3,좋음,0.003
149,2021-05-09:10,보통,47.0,좋음,5.0,보통,0.043,좋음,0.008,좋음,0.3,좋음,0.003
150,2021-05-09:09,보통,47.0,좋음,6.0,보통,0.038,좋음,0.009,좋음,0.3,좋음,0.003
151,2021-05-09:08,보통,65.0,보통,16.0,좋음,0.028,좋음,0.019,좋음,0.4,좋음,0.003
152,2021-05-09:07,보통,75.0,보통,20.0,좋음,0.02,좋음,0.022,좋음,0.4,좋음,0.002
153,2021-05-09:06,보통,63.0,보통,17.0,좋음,0.021,좋음,0.02,좋음,0.4,좋음,0.002
154,2021-05-09:05,보통,59.0,좋음,15.0,좋음,0.029,좋음,0.014,좋음,0.4,좋음,0.003
155,2021-05-09:04,보통,51.0,좋음,13.0,보통,0.034,좋음,0.011,좋음,0.3,좋음,0.003
156,2021-05-09:03,보통,59.0,보통,16.0,보통,0.034,좋음,0.011,좋음,0.3,좋음,0.002
157,2021-05-09:02,나쁨,82.0,보통,19.0,보통,0.035,좋음,0.012,좋음,0.3,좋음,0.003
158,2021-05-09:01,나쁨,141.0,보통,27.0,보통,0.036,좋음,0.013,좋음,0.4,좋음,0.002
159,2021-05-08:24,매우나쁨,233.0,나쁨,44.0,좋음,0.028,좋음,0.026,좋음,0.4,좋음,0.003
160,2021-05-08:23,매우나쁨,274.0,나쁨,49.0,보통,0.033,좋음,0.024,좋음,0.4,좋음,0.003
161,2021-05-08:22,매우나쁨,300.0,나쁨,50.0,보통,0.038,좋음,0.02,좋음,0.4,좋음,0.002
162,2021-05-08:21,매우나쁨,313.0,나쁨,55.0,보통,0.044,좋음,0.016,좋음,0.4,좋음,0.003
163,2021-05-08:20,매우나쁨,297.0,나쁨,52.0,보통,0.048,좋음,0.014,좋음,0.4,좋음,0.002
164,2021-05-08:19,매우나쁨,312.0,나쁨,53.0,보통,0.051,좋음,0.013,좋음,0.4,좋음,0.003
165,2021-05-08:18,매우나쁨,310.0,나쁨,53.0,보통,0.055,좋음,0.012,좋음,0.4,좋음,0.003
166,2021-05-08:17,매우나쁨,298.0,나쁨,54.0,보통,0.055,좋음,0.013,좋음,0.4,좋음,0.003
167,2021-05-08:16,매우나쁨,280.0,나쁨,48.0,보통,0.052,좋음,0.013,좋음,0.3,좋음,0.003
168,2021-05-08:15,매우나쁨,252.0,나쁨,43.0,보통,0.05,좋음,0.012,좋음,0.3,좋음,0.003
169,2021-05-08:14,매우나쁨,299.0,나쁨,54.0,보통,0.047,좋음,0.012,좋음,0.3,좋음,0.003
170,2021-05-08:13,매우나쁨,354.0,나쁨,66.0,보통,0.044,좋음,0.012,좋음,0.3,좋음,0.003
171,2021-05-08:12,매우나쁨,390.0,나쁨,66.0,보통,0.036,좋음,0.017,좋음,0.4,좋음,0.003
172,2021-05-08:11,매우나쁨,468.0,매우나쁨,81.0,보통,0.031,좋음,0.02,좋음,0.4,좋음,0.003
173,2021-05-08:10,매우나쁨,577.0,매우나쁨,101.0,좋음,0.022,좋음,0.023,좋음,0.4,좋음,0.003
174,2021-05-08:09,매우나쁨,636.0,매우나쁨,113.0,좋음,0.017,좋음,0.026,좋음,0.5,좋음,0.003
175,2021-05-08:08,매우나쁨,638.0,매우나쁨,111.0,좋음,0.011,좋음,0.029,좋음,0.4,좋음,0.003
176,2021-05-08:07,매우나쁨,658.0,매우나쁨,116.0,좋음,0.014,좋음,0.025,좋음,0.4,좋음,0.003
177,2021-05-08:06,매우나쁨,722.0,매우나쁨,123.0,좋음,0.013,좋음,0.023,좋음,0.5,좋음,0.002
178,2021-05-08:05,매우나쁨,759.0,매우나쁨,134.0,좋음,0.016,좋음,0.018,좋음,0.4,좋음,0.003
179,2021-05-08:04,매우나쁨,784.0,매우나쁨,142.0,좋음,0.016,좋음,0.019,좋음,0.4,좋음,0.002
180,2021-05-08:03,매우나쁨,798.0,매우나쁨,146.0,좋음,0.019,좋음,0.015,좋음,0.4,좋음,0.003
181,2021-05-08:02,매우나쁨,942.0,매우나쁨,162.0,좋음,0.02,좋음,0.016,좋음,0.4,좋음,0.002
182,2021-05-08:01,매우나쁨,1024.0,매우나쁨,172.0,좋음,0.015,좋음,0.021,좋음,0.4,좋음,0.002
183,2021-05-07:24,매우나쁨,998.0,매우나쁨,170.0,좋음,0.017,좋음,0.02,좋음,0.4,좋음,0.002
184,2021-05-07:23,매우나쁨,941.0,매우나쁨,166.0,좋음,0.017,좋음,0.021,좋음,0.4,좋음,0.003
185,2021-05-07:22,매우나쁨,786.0,매우나쁨,139.0,좋음,0.015,좋음,0.025,좋음,0.5,좋음,0.002
186,2021-05-07:21,매우나쁨,669.0,매우나쁨,118.0,좋음,0.018,좋음,0.025,좋음,0.4,좋음,0.002
187,2021-05-07:20,매우나쁨,728.0,매우나쁨,129.0,좋음,0.022,좋음,0.024,좋음,0.4,좋음,0.002
188,2021-05-07:19,매우나쁨,748.0,매우나쁨,140.0,좋음,0.021,좋음,0.025,좋음,0.4,좋음,0.002
189,2021-05-07:18,매우나쁨,703.0,매우나쁨,131.0,좋음,0.024,좋음,0.022,좋음,0.4,좋음,0.003
190,2021-05-07:17,매우나쁨,682.0,매우나쁨,127.0,좋음,0.03,좋음,0.018,좋음,0.4,좋음,0.003
191,2021-05-07:16,매우나쁨,675.0,매우나쁨,123.0,좋음,0.028,좋음,0.017,좋음,0.4,좋음,0.002
192,2021-05-07:15,매우나쁨,670.0,매우나쁨,120.0,좋음,0.027,좋음,0.014,좋음,0.4,좋음,0.002
193,2021-05-07:14,매우나쁨,534.0,매우나쁨,93.0,,,,,,,,
194,2021-05-07:13,매우나쁨,310.0,나쁨,52.0,,,,,,,,
195,2021-05-07:12,나쁨,140.0,보통,31.0,보통,0.032,좋음,0.019,좋음,0.4,좋음,0.003
196,2021-05-07:11,나쁨,85.0,보통,30.0,좋음,0.029,좋음,0.024,좋음,0.5,좋음,0.003
197,2021-05-07:10,보통,77.0,보통,22.0,좋음,0.027,보통,0.034,좋음,0.5,좋음,0.003
198,2021-05-07:09,보통,73.0,보통,18.0,좋음,0.03,보통,0.035,좋음,0.5,좋음,0.003
199,2021-05-07:08,보통,71.0,보통,18.0,보통,0.031,보통,0.036,좋음,0.3,좋음,0.002
200,2021-05-07:07,보통,72.0,보통,17.0,보통,0.035,보통,0.031,좋음,0.3,좋음,0.003
201,2021-05-07:06,보통,67.0,보통,18.0,보통,0.038,좋음,0.023,좋음,0.3,좋음,0.003
202,2021-05-07:05,보통,68.0,보통,19.0,좋음,0.023,보통,0.033,좋음,0.5,좋음,0.003
203,2021-05-07:04,보통,64.0,보통,18.0,좋음,0.022,보통,0.036,좋음,0.5,좋음,0.003
204,2021-05-07:03,보통,68.0,보통,18.0,좋음,0.022,보통,0.034,좋음,0.4,좋음,0.002
205,2021-05-07:02,보통,66.0,보통,18.0,좋음,0.025,보통,0.034,좋음,0.4,좋음,0.003
206,2021-05-07:01,보통,68.0,보통,19.0,좋음,0.023,보통,0.041,좋음,0.4,좋음,0.002
207,2021-05-06:24,보통,66.0,보통,18.0,좋음,0.021,보통,0.048,좋음,0.5,좋음,0.003
208,2021-05-06:23,보통,65.0,보통,20.0,좋음,0.022,보통,0.05,좋음,0.5,좋음,0.004
209,2021-05-06:22,보통,56.0,보통,17.0,보통,0.041,좋음,0.029,좋음,0.5,좋음,0.004
210,2021-05-06:21,보통,59.0,보통,19.0,보통,0.048,좋음,0.027,좋음,0.4,좋음,0.003
211,2021-05-06:20,보통,65.0,보통,20.0,보통,0.052,좋음,0.027,좋음,0.5,좋음,0.003
212,2021-05-06:19,보통,65.0,보통,19.0,보통,0.056,좋음,0.025,좋음,0.4,좋음,0.003
213,2021-05-06:18,보통,64.0,보통,19.0,보통,0.06,좋음,0.022,좋음,0.4,좋음,0.003
214,2021-05-06:17,나쁨,87.0,보통,27.0,보통,0.072,좋음,0.017,좋음,0.4,좋음,0.003
215,2021-05-06:16,나쁨,97.0,보통,32.0,보통,0.073,좋음,0.021,좋음,0.5,좋음,0.004
216,2021-05-06:15,나쁨,97.0,보통,33.0,보통,0.071,좋음,0.021,좋음,0.5,좋음,0.003
217,2021-05-06:14,나쁨,84.0,보통,25.0,보통,0.058,좋음,0.026,좋음,0.5,좋음,0.004
218,2021-05-06:13,보통,80.0,보통,20.0,보통,0.046,좋음,0.028,좋음,0.4,좋음,0.003
219,2021-05-06:12,보통,72.0,보통,16.0,보통,0.031,보통,0.032,좋음,0.4,좋음,0.003
220,2021-05-06:11,보통,79.0,좋음,15.0,좋음,0.023,보통,0.034,좋음,0.5,좋음,0.003
221,2021-05-06:10,나쁨,86.0,좋음,12.0,좋음,0.019,보통,0.038,좋음,0.5,좋음,0.003
222,2021-05-06:09,나쁨,87.0,좋음,15.0,좋음,0.012,보통,0.043,좋음,0.6,좋음,0.004
223,2021-05-06:08,보통,74.0,좋음,15.0,좋음,0.012,보통,0.04,좋음,0.5,좋음,0.003
224,2021-05-06:07,보통,68.0,보통,16.0,좋음,0.007,보통,0.041,좋음,0.5,좋음,0.003
225,2021-05-06:06,보통,67.0,보통,16.0,좋음,0.009,보통,0.037,좋음,0.5,좋음,0.002
226,2021-05-06:05,보통,70.0,보통,17.0,좋음,0.012,보통,0.034,좋음,0.5,좋음,0.003
227,2021-05-06:04,보통,68.0,보통,16.0,좋음,0.018,좋음,0.027,좋음,0.4,좋음,0.003
228,2021-05-06:03,보통,72.0,보통,17.0,좋음,0.018,좋음,0.027,좋음,0.4,좋음,0.003
229,2021-05-06:02,보통,66.0,보통,16.0,좋음,0.019,좋음,0.028,좋음,0.4,좋음,0.003
230,2021-05-06:01,보통,73.0,보통,18.0,좋음,0.015,보통,0.035,좋음,0.4,좋음,0.002
231,2021-05-05:24,보통,78.0,보통,17.0,좋음,0.022,보통,0.033,좋음,0.4,좋음,0.002
232,2021-05-05:23,나쁨,84.0,보통,18.0,보통,0.039,좋음,0.021,좋음,0.4,좋음,0.002
233,2021-05-05:22,보통,78.0,보통,16.0,보통,0.04,좋음,0.02,좋음,0.4,좋음,0.003
234,2021-05-05:21,보통,79.0,보통,17.0,보통,0.042,좋음,0.019,좋음,0.4,좋음,0.003
235,2021-05-05:20,보통,80.0,보통,16.0,보통,0.04,좋음,0.02,좋음,0.4,좋음,0.002
236,2021-05-05:19,보통,69.0,보통,16.0,보통,0.039,좋음,0.016,좋음,0.3,좋음,0.002
237,2021-05-05:18,보통,63.0,좋음,13.0,보통,0.038,좋음,0.014,좋음,0.3,좋음,0.002
238,2021-05-05:17,보통,69.0,좋음,13.0,보통,0.037,좋음,0.013,좋음,0.3,좋음,0.003
239,2021-05-05:16,보통,68.0,좋음,11.0,보통,0.043,좋음,0.011,좋음,0.3,좋음,0.003
240,2021-05-05:15,보통,52.0,좋음,11.0,보통,0.045,좋음,0.008,좋음,0.3,좋음,0.003
241,2021-05-05:14,보통,49.0,좋음,15.0,보통,0.05,좋음,0.009,좋음,0.4,좋음,0.002
242,2021-05-05:13,보통,55.0,보통,16.0,보통,0.049,좋음,0.009,좋음,0.4,좋음,0.002
243,2021-05-05:12,보통,55.0,보통,16.0,보통,0.046,좋음,0.009,좋음,0.4,좋음,0.003
244,2021-05-05:11,보통,51.0,보통,17.0,보통,0.042,좋음,0.013,좋음,0.4,좋음,0.003
245,2021-05-05:10,좋음,26.0,좋음,10.0,보통,0.036,좋음,0.015,좋음,0.4,좋음,0.003
246,2021-05-05:09,좋음,18.0,좋음,10.0,좋음,0.03,좋음,0.019,좋음,0.4,좋음,0.002
247,2021-05-05:08,좋음,15.0,좋음,8.0,좋음,0.029,좋음,0.017,좋음,0.4,좋음,0.002
248,2021-05-05:07,좋음,16.0,좋음,8.0,좋음,0.023,좋음,0.022,좋음,0.4,좋음,0.002
249,2021-05-05:06,좋음,13.0,좋음,7.0,좋음,0.03,좋음,0.011,좋음,0.4,좋음,0.002
250,2021-05-05:05,좋음,14.0,좋음,7.0,보통,0.033,좋음,0.006,좋음,0.4,좋음,0.002
251,2021-05-05:04,좋음,11.0,좋음,6.0,보통,0.034,좋음,0.005,좋음,0.4,좋음,0.002
252,2021-05-05:03,좋음,17.0,좋음,9.0,보통,0.036,좋음,0.005,좋음,0.3,좋음,0.002
253,2021-05-05:02,보통,41.0,좋음,13.0,보통,0.034,좋음,0.007,좋음,0.3,좋음,0.002
254,2021-05-05:01,좋음,29.0,좋음,8.0,보통,0.037,좋음,0.007,좋음,0.3,좋음,0.002
255,2021-05-04:24,좋음,8.0,좋음,4.0,보통,0.031,좋음,0.01,좋음,0.4,좋음,0.003
256,2021-05-04:23,좋음,9.0,좋음,3.0,좋음,0.022,좋음,0.016,좋음,0.4,좋음,0.002
257,2021-05-04:22,보통,39.0,보통,25.0,좋음,0.008,보통,0.038,좋음,0.6,좋음,0.003
258,2021-05-04:21,보통,65.0,나쁨,42.0,좋음,0.002,보통,0.052,좋음,0.8,좋음,0.003
259,2021-05-04:20,보통,62.0,나쁨,42.0,좋음,0.003,보통,0.057,좋음,1.0,좋음,0.004
260,2021-05-04:19,보통,49.0,보통,31.0,좋음,0.003,보통,0.054,좋음,0.8,좋음,0.003
261,2021-05-04:18,보통,52.0,보통,27.0,좋음,0.004,보통,0.051,좋음,0.7,좋음,0.003
262,2021-05-04:17,보통,59.0,보통,26.0,좋음,0.006,보통,0.05,좋음,0.6,좋음,0.003
263,2021-05-04:16,보통,52.0,보통,28.0,좋음,0.006,보통,0.051,좋음,0.6,좋음,0.003
264,2021-05-04:15,보통,46.0,보통,28.0,좋음,0.008,보통,0.049,좋음,0.6,좋음,0.003
265,2021-05-04:14,보통,39.0,보통,23.0,좋음,0.011,보통,0.049,좋음,0.6,좋음,0.003
266,2021-05-04:13,보통,40.0,보통,24.0,좋음,0.013,보통,0.045,좋음,0.6,좋음,0.003
267,2021-05-04:12,보통,33.0,보통,19.0,좋음,0.011,보통,0.046,좋음,0.6,좋음,0.003
268,2021-05-04:11,보통,39.0,보통,21.0,좋음,0.008,보통,0.05,좋음,0.6,좋음,0.002
269,2021-05-04:10,보통,34.0,보통,17.0,좋음,0.007,보통,0.05,좋음,0.5,좋음,0.003
270,2021-05-04:09,좋음,30.0,좋음,15.0,좋음,0.006,보통,0.052,좋음,0.6,좋음,0.003
271,2021-05-04:08,좋음,24.0,좋음,13.0,좋음,0.01,보통,0.046,좋음,0.5,좋음,0.003
272,2021-05-04:07,좋음,23.0,보통,17.0,좋음,0.015,보통,0.037,좋음,0.5,좋음,0.003
273,2021-05-04:06,좋음,26.0,좋음,15.0,좋음,0.013,보통,0.037,좋음,0.4,좋음,0.003
274,2021-05-04:05,좋음,26.0,좋음,14.0,좋음,0.013,보통,0.036,좋음,0.5,좋음,0.003
275,2021-05-04:04,좋음,19.0,좋음,11.0,좋음,0.017,보통,0.033,좋음,0.5,좋음,0.003
276,2021-05-04:03,좋음,19.0,좋음,11.0,좋음,0.024,좋음,0.026,좋음,0.4,좋음,0.003
277,2021-05-04:02,좋음,18.0,좋음,10.0,좋음,0.025,좋음,0.028,좋음,0.4,좋음,0.003
278,2021-05-04:01,좋음,22.0,좋음,12.0,보통,0.031,좋음,0.026,좋음,0.4,좋음,0.004
279,2021-05-03:24,보통,31.0,보통,17.0,좋음,0.028,보통,0.033,좋음,0.4,좋음,0.003
280,2021-05-03:23,보통,35.0,보통,18.0,보통,0.031,보통,0.032,좋음,0.4,좋음,0.003
281,2021-05-03:22,보통,31.0,보통,17.0,보통,0.032,보통,0.032,좋음,0.4,좋음,0.004
282,2021-05-03:21,보통,32.0,좋음,15.0,보통,0.032,보통,0.035,좋음,0.4,좋음,0.003
283,2021-05-03:20,좋음,28.0,좋음,14.0,보통,0.039,좋음,0.03,좋음,0.4,좋음,0.002
284,2021-05-03:19,보통,31.0,보통,18.0,보통,0.046,좋음,0.023,좋음,0.4,좋음,0.003
285,2021-05-03:18,보통,32.0,보통,18.0,보통,0.055,좋음,0.021,좋음,0.3,좋음,0.004
286,2021-05-03:17,보통,34.0,보통,18.0,보통,0.06,좋음,0.019,좋음,0.3,좋음,0.004
287,2021-05-03:16,보통,63.0,보통,17.0,보통,0.065,좋음,0.021,좋음,0.3,좋음,0.004
288,2021-05-03:15,보통,50.0,보통,19.0,보통,0.058,좋음,0.017,좋음,0.4,좋음,0.003
289,2021-05-03:14,보통,38.0,보통,21.0,보통,0.059,좋음,0.016,좋음,0.4,좋음,0.003
290,2021-05-03:13,보통,42.0,보통,23.0,보통,0.052,좋음,0.019,좋음,0.4,좋음,0.003
291,2021-05-03:12,보통,42.0,보통,22.0,보통,0.042,좋음,0.023,좋음,0.4,좋음,0.003
292,2021-05-03:11,보통,50.0,보통,26.0,보통,0.035,보통,0.031,좋음,0.5,좋음,0.002
293,2021-05-03:10,보통,46.0,보통,23.0,좋음,0.03,보통,0.036,좋음,0.5,좋음,0.003
294,2021-05-03:09,보통,46.0,보통,25.0,좋음,0.024,보통,0.037,좋음,0.5,좋음,0.003
295,2021-05-03:08,보통,38.0,보통,22.0,좋음,0.019,보통,0.035,좋음,0.5,좋음,0.002
296,2021-05-03:07,보통,36.0,보통,22.0,좋음,0.028,좋음,0.023,좋음,0.4,좋음,0.002
297,2021-05-03:06,보통,35.0,보통,21.0,보통,0.031,좋음,0.017,좋음,0.4,좋음,0.003
298,2021-05-03:05,보통,38.0,보통,24.0,보통,0.032,좋음,0.016,좋음,0.4,좋음,0.002
299,2021-05-03:04,보통,34.0,보통,20.0,좋음,0.021,좋음,0.023,좋음,0.4,좋음,0.002
300,2021-05-03:03,보통,37.0,보통,23.0,좋음,0.026,좋음,0.019,좋음,0.4,좋음,0.002
301,2021-05-03:02,보통,34.0,보통,20.0,보통,0.031,좋음,0.018,좋음,0.4,좋음,0.002
302,2021-05-03:01,좋음,30.0,보통,17.0,보통,0.031,좋음,0.019,좋음,0.4,좋음,0.002
303,2021-05-02:24,좋음,25.0,좋음,13.0,좋음,0.03,좋음,0.023,좋음,0.4,좋음,0.003
304,2021-05-02:23,좋음,28.0,좋음,13.0,보통,0.031,좋음,0.024,좋음,0.4,좋음,0.002
305,2021-05-02:22,좋음,28.0,좋음,14.0,보통,0.031,좋음,0.024,좋음,0.4,좋음,0.002
306,2021-05-02:21,좋음,25.0,좋음,13.0,보통,0.035,좋음,0.021,좋음,0.4,좋음,0.003
307,2021-05-02:20,좋음,23.0,좋음,11.0,보통,0.04,좋음,0.017,좋음,0.3,좋음,0.002
308,2021-05-02:19,좋음,22.0,좋음,11.0,보통,0.044,좋음,0.013,좋음,0.3,좋음,0.002
309,2021-05-02:18,좋음,23.0,좋음,11.0,보통,0.048,좋음,0.008,좋음,0.3,좋음,0.002
310,2021-05-02:17,좋음,28.0,좋음,13.0,보통,0.049,좋음,0.009,좋음,0.3,좋음,0.002
311,2021-05-02:16,좋음,25.0,좋음,10.0,보통,0.05,좋음,0.007,좋음,0.3,좋음,0.002
312,2021-05-02:15,좋음,22.0,좋음,9.0,보통,0.05,좋음,0.007,좋음,0.3,좋음,0.002
313,2021-05-02:14,좋음,22.0,좋음,9.0,보통,0.05,좋음,0.006,좋음,0.3,좋음,0.002
314,2021-05-02:13,좋음,23.0,좋음,9.0,보통,0.048,좋음,0.007,좋음,0.3,좋음,0.002
315,2021-05-02:12,좋음,19.0,좋음,7.0,보통,0.045,좋음,0.007,좋음,0.3,좋음,0.002
316,2021-05-02:11,좋음,20.0,좋음,9.0,보통,0.042,좋음,0.007,좋음,0.3,좋음,0.002
317,2021-05-02:10,좋음,7.0,좋음,1.0,보통,0.037,좋음,0.009,좋음,0.3,좋음,0.002
318,2021-05-02:09,좋음,6.0,좋음,4.0,보통,0.035,좋음,0.01,좋음,0.3,좋음,0.002
319,2021-05-02:08,좋음,4.0,좋음,2.0,보통,0.033,좋음,0.011,좋음,0.3,좋음,0.002
320,2021-05-02:07,좋음,6.0,좋음,2.0,보통,0.034,좋음,0.009,좋음,0.3,좋음,0.002
321,2021-05-02:06,좋음,4.0,좋음,3.0,보통,0.039,좋음,0.006,좋음,0.3,좋음,0.002
322,2021-05-02:05,좋음,6.0,좋음,4.0,보통,0.04,좋음,0.005,좋음,0.3,좋음,0.002
323,2021-05-02:04,좋음,3.0,좋음,3.0,보통,0.04,좋음,0.005,좋음,0.3,좋음,0.002
324,2021-05-02:03,좋음,5.0,좋음,2.0,보통,0.04,좋음,0.005,좋음,0.3,좋음,0.002
325,2021-05-02:02,좋음,3.0,좋음,2.0,보통,0.039,좋음,0.006,좋음,0.3,좋음,0.002
326,2021-05-02:01,좋음,6.0,좋음,4.0,보통,0.041,좋음,0.007,좋음,0.3,좋음,0.002
327,2021-05-01:24,좋음,5.0,좋음,3.0,보통,0.035,좋음,0.009,좋음,0.3,좋음,0.002
328,2021-05-01:23,좋음,10.0,좋음,6.0,보통,0.033,좋음,0.011,좋음,0.4,좋음,0.002
329,2021-05-01:22,좋음,11.0,좋음,7.0,보통,0.032,좋음,0.013,좋음,0.4,좋음,0.002
330,2021-05-01:21,좋음,14.0,좋음,6.0,보통,0.035,좋음,0.01,좋음,0.3,좋음,0.002
331,2021-05-01:20,좋음,12.0,좋음,6.0,보통,0.037,좋음,0.011,좋음,0.3,좋음,0.002
332,2021-05-01:19,좋음,16.0,좋음,5.0,보통,0.037,좋음,0.011,좋음,0.3,좋음,0.002
333,2021-05-01:18,좋음,11.0,좋음,5.0,보통,0.04,좋음,0.009,좋음,0.3,좋음,0.002
334,2021-05-01:17,좋음,15.0,좋음,8.0,보통,0.04,좋음,0.01,좋음,0.4,좋음,0.002
335,2021-05-01:16,좋음,19.0,좋음,11.0,보통,0.041,좋음,0.01,좋음,0.3,좋음,0.002
336,2021-05-01:15,보통,39.0,보통,17.0,보통,0.044,좋음,0.011,좋음,0.3,좋음,0.002
337,2021-05-01:14,보통,34.0,좋음,14.0,보통,0.048,좋음,0.008,좋음,0.3,좋음,0.002
338,2021-05-01:13,보통,32.0,좋음,14.0,보통,0.045,좋음,0.01,좋음,0.3,좋음,0.002
339,2021-05-01:12,좋음,29.0,좋음,9.0,보통,0.043,좋음,0.009,좋음,0.3,좋음,0.003
340,2021-05-01:11,,,,,,,,,,,,
341,2021-05-01:10,좋음,23.0,좋음,11.0,보통,0.038,좋음,0.011,좋음,0.3,좋음,0.003
342,2021-05-01:09,좋음,29.0,보통,16.0,보통,0.034,좋음,0.014,좋음,0.4,좋음,0.002
343,2021-05-01:08,보통,32.0,보통,17.0,보통,0.032,좋음,0.013,좋음,0.4,좋음,0.002
344,2021-05-01:07,보통,41.0,보통,22.0,좋음,0.027,좋음,0.016,좋음,0.4,좋음,0.002
345,2021-05-01:06,보통,45.0,보통,27.0,좋음,0.027,좋음,0.016,좋음,0.4,좋음,0.003
346,2021-05-01:05,보통,52.0,보통,33.0,좋음,0.027,좋음,0.017,좋음,0.5,좋음,0.003
347,2021-05-01:04,보통,47.0,보통,28.0,보통,0.032,좋음,0.015,좋음,0.6,좋음,0.004
348,2021-05-01:03,보통,37.0,보통,21.0,보통,0.037,좋음,0.014,좋음,0.5,좋음,0.003
349,2021-05-01:02,보통,34.0,보통,17.0,좋음,0.03,좋음,0.023,좋음,0.5,좋음,0.002
350,2021-05-01:01,보통,35.0,보통,16.0,보통,0.035,좋음,0.019,좋음,0.4,좋음,0.002
351,2021-04-30:24,보통,31.0,좋음,14.0,보통,0.038,좋음,0.018,좋음,0.4,좋음,0.003
352,2021-04-30:23,보통,39.0,보통,20.0,보통,0.034,좋음,0.025,좋음,0.4,좋음,0.002
353,2021-04-30:22,보통,78.0,보통,33.0,보통,0.035,좋음,0.024,좋음,0.5,좋음,0.002
354,2021-04-30:21,나쁨,94.0,나쁨,40.0,보통,0.033,좋음,0.027,좋음,0.5,좋음,0.002
355,2021-04-30:20,나쁨,84.0,나쁨,38.0,보통,0.037,좋음,0.024,좋음,0.5,좋음,0.002
356,2021-04-30:19,나쁨,81.0,보통,34.0,보통,0.04,좋음,0.021,좋음,0.5,좋음,0.002
357,2021-04-30:18,보통,72.0,보통,28.0,보통,0.045,좋음,0.021,좋음,0.4,좋음,0.002
358,2021-04-30:17,보통,71.0,보통,28.0,보통,0.047,좋음,0.021,좋음,0.4,좋음,0.003
359,2021-04-30:16,보통,53.0,보통,23.0,보통,0.044,좋음,0.023,좋음,0.5,좋음,0.002
360,2021-04-30:15,보통,33.0,보통,17.0,보통,0.039,좋음,0.026,좋음,0.5,좋음,0.002
361,2021-04-30:14,좋음,12.0,좋음,6.0,보통,0.039,좋음,0.029,좋음,0.4,좋음,0.002
362,2021-04-30:13,,,,,,,,,,,,
363,2021-04-30:12,좋음,19.0,좋음,11.0,보통,0.036,좋음,0.028,좋음,0.4,좋음,0.002
364,2021-04-30:11,좋음,19.0,좋음,8.0,보통,0.038,좋음,0.023,좋음,0.4,좋음,0.002
365,2021-04-30:10,좋음,12.0,좋음,7.0,보통,0.035,좋음,0.025,좋음,0.4,좋음,0.002
366,2021-04-30:09,좋음,17.0,좋음,8.0,보통,0.039,좋음,0.02,좋음,0.4,좋음,0.003
367,2021-04-30:08,좋음,12.0,좋음,7.0,보통,0.043,좋음,0.016,좋음,0.4,좋음,0.002
368,2021-04-30:07,좋음,12.0,좋음,8.0,보통,0.048,좋음,0.012,좋음,0.3,좋음,0.002
369,2021-04-30:06,좋음,11.0,좋음,7.0,보통,0.051,좋음,0.009,좋음,0.3,좋음,0.002
370,2021-04-30:05,좋음,12.0,좋음,10.0,보통,0.054,좋음,0.008,좋음,0.3,좋음,0.002
371,2021-04-30:04,좋음,17.0,좋음,10.0,보통,0.054,좋음,0.006,좋음,0.3,좋음,0.002
372,2021-04-30:03,좋음,27.0,좋음,12.0,보통,0.054,좋음,0.006,좋음,0.3,좋음,0.002
373,2021-04-30:02,좋음,28.0,좋음,13.0,보통,0.047,좋음,0.01,좋음,0.3,좋음,0.002
374,2021-04-30:01,보통,39.0,보통,17.0,보통,0.046,좋음,0.012,좋음,0.3,좋음,0.002
375,2021-04-29:24,보통,51.0,보통,21.0,보통,0.046,좋음,0.016,좋음,0.4,좋음,0.002
376,2021-04-29:23,보통,76.0,보통,24.0,보통,0.045,좋음,0.022,좋음,0.4,좋음,0.003
377,2021-04-29:22,나쁨,84.0,보통,27.0,보통,0.042,좋음,0.029,좋음,0.4,좋음,0.003
378,2021-04-29:21,나쁨,92.0,보통,30.0,보통,0.043,보통,0.034,좋음,0.5,좋음,0.003
379,2021-04-29:20,나쁨,87.0,보통,26.0,보통,0.056,좋음,0.026,좋음,0.4,좋음,0.003
380,2021-04-29:19,나쁨,85.0,보통,29.0,보통,0.051,좋음,0.025,좋음,0.4,좋음,0.003
381,2021-04-29:18,나쁨,81.0,보통,24.0,보통,0.057,좋음,0.017,좋음,0.4,좋음,0.003
382,2021-04-29:17,나쁨,88.0,보통,26.0,보통,0.052,좋음,0.022,좋음,0.4,좋음,0.002
383,2021-04-29:16,나쁨,83.0,보통,21.0,보통,0.055,좋음,0.016,좋음,0.4,좋음,0.002
384,2021-04-29:15,나쁨,88.0,보통,23.0,보통,0.055,좋음,0.012,좋음,0.4,좋음,0.003
385,2021-04-29:14,나쁨,81.0,보통,21.0,보통,0.051,좋음,0.012,좋음,0.3,좋음,0.003
386,2021-04-29:13,나쁨,83.0,보통,19.0,보통,0.047,좋음,0.015,좋음,0.4,좋음,0.002
387,2021-04-29:12,나쁨,82.0,보통,19.0,보통,0.049,좋음,0.013,좋음,0.3,좋음,0.003
388,2021-04-29:11,보통,79.0,보통,20.0,보통,0.041,좋음,0.022,좋음,0.4,좋음,0.002
389,2021-04-29:10,보통,66.0,보통,20.0,좋음,0.018,보통,0.04,좋음,0.5,좋음,0.003
390,2021-04-29:09,보통,65.0,보통,19.0,좋음,0.005,보통,0.049,좋음,0.6,좋음,0.003
391,2021-04-29:08,보통,55.0,보통,19.0,좋음,0.007,보통,0.045,좋음,0.6,좋음,0.003
392,2021-04-29:07,보통,51.0,보통,19.0,좋음,0.005,보통,0.045,좋음,0.6,좋음,0.003
393,2021-04-29:06,보통,50.0,보통,19.0,좋음,0.005,보통,0.041,좋음,0.5,좋음,0.003
394,2021-04-29:05,보통,56.0,보통,19.0,좋음,0.004,보통,0.044,좋음,0.5,좋음,0.003
395,2021-04-29:04,보통,60.0,보통,21.0,좋음,0.004,보통,0.047,좋음,0.6,좋음,0.003
396,2021-04-29:03,보통,68.0,보통,25.0,좋음,0.005,보통,0.046,좋음,0.5,좋음,0.003
397,2021-04-29:02,보통,69.0,보통,23.0,좋음,0.008,보통,0.047,좋음,0.6,좋음,0.004
398,2021-04-29:01,보통,61.0,보통,23.0,좋음,0.004,보통,0.058,좋음,0.6,좋음,0.003
399,2021-04-28:24,보통,61.0,보통,23.0,좋음,0.003,나쁨,0.061,좋음,0.6,좋음,0.003
400,2021-04-28:23,보통,53.0,보통,20.0,좋음,0.005,보통,0.059,좋음,0.6,좋음,0.003
401,2021-04-28:22,보통,47.0,보통,19.0,좋음,0.003,보통,0.057,좋음,0.6,좋음,0.003
402,2021-04-28:21,보통,51.0,보통,20.0,좋음,0.009,보통,0.053,좋음,0.5,좋음,0.002
403,2021-04-28:20,보통,46.0,보통,16.0,좋음,0.027,보통,0.036,좋음,0.4,좋음,0.002
404,2021-04-28:19,보통,59.0,보통,18.0,보통,0.037,좋음,0.025,좋음,0.4,좋음,0.003
405,2021-04-28:18,보통,68.0,보통,20.0,보통,0.039,보통,0.031,좋음,0.4,좋음,0.002
406,2021-04-28:17,보통,73.0,보통,20.0,보통,0.043,좋음,0.026,좋음,0.5,좋음,0.004
407,2021-04-28:16,보통,75.0,보통,22.0,보통,0.044,좋음,0.024,좋음,0.5,좋음,0.004
408,2021-04-28:15,나쁨,85.0,보통,30.0,보통,0.044,좋음,0.028,좋음,0.5,좋음,0.003
409,2021-04-28:14,보통,80.0,보통,28.0,보통,0.047,좋음,0.023,좋음,0.5,좋음,0.003
410,2021-04-28:13,나쁨,88.0,나쁨,37.0,보통,0.042,좋음,0.025,좋음,0.6,좋음,0.003
411,2021-04-28:12,나쁨,88.0,보통,35.0,보통,0.032,좋음,0.029,좋음,0.6,좋음,0.003
412,2021-04-28:11,나쁨,97.0,나쁨,43.0,좋음,0.025,보통,0.032,좋음,0.6,좋음,0.002
413,2021-04-28:10,나쁨,92.0,나쁨,42.0,좋음,0.026,좋음,0.029,좋음,0.5,좋음,0.003
414,2021-04-28:09,나쁨,91.0,나쁨,43.0,좋음,0.025,좋음,0.029,좋음,0.5,좋음,0.003
415,2021-04-28:08,보통,76.0,보통,34.0,좋음,0.026,좋음,0.025,좋음,0.5,좋음,0.002
416,2021-04-28:07,보통,71.0,보통,32.0,좋음,0.028,좋음,0.023,좋음,0.5,좋음,0.002
417,2021-04-28:06,보통,59.0,보통,23.0,보통,0.034,좋음,0.014,좋음,0.4,좋음,0.001
418,2021-04-28:05,보통,60.0,보통,24.0,보통,0.036,좋음,0.01,좋음,0.4,좋음,0.002
419,2021-04-28:04,보통,52.0,보통,23.0,보통,0.037,좋음,0.01,좋음,0.4,좋음,0.002
420,2021-04-28:03,보통,43.0,보통,20.0,보통,0.036,좋음,0.01,좋음,0.4,좋음,0.002
421,2021-04-28:02,보통,38.0,좋음,13.0,보통,0.035,좋음,0.009,좋음,0.3,좋음,0.002
422,2021-04-28:01,,,보통,16.0,보통,0.032,좋음,0.012,좋음,0.3,좋음,0.002
423,2021-04-27:24,좋음,29.0,좋음,11.0,보통,0.036,좋음,0.015,좋음,0.3,좋음,0.003
424,2021-04-27:23,좋음,27.0,좋음,10.0,보통,0.037,좋음,0.017,좋음,0.3,좋음,0.003
425,2021-04-27:22,좋음,27.0,좋음,12.0,보통,0.038,좋음,0.017,좋음,0.3,좋음,0.002
426,2021-04-27:21,좋음,28.0,좋음,15.0,보통,0.034,좋음,0.024,좋음,0.3,좋음,0.003
427,2021-04-27:20,좋음,26.0,좋음,13.0,보통,0.037,좋음,0.023,좋음,0.4,좋음,0.003
428,2021-04-27:19,좋음,29.0,보통,16.0,보통,0.04,좋음,0.023,좋음,0.4,좋음,0.004
429,2021-04-27:18,보통,34.0,보통,17.0,보통,0.044,좋음,0.025,좋음,0.3,좋음,0.004
430,2021-04-27:17,보통,41.0,보통,22.0,보통,0.047,좋음,0.027,좋음,0.5,좋음,0.004
431,2021-04-27:16,보통,37.0,보통,19.0,보통,0.052,좋음,0.02,좋음,0.4,좋음,0.004
432,2021-04-27:15,보통,41.0,보통,20.0,보통,0.052,좋음,0.024,좋음,0.4,좋음,0.003
433,2021-04-27:14,보통,33.0,좋음,15.0,보통,0.044,좋음,0.025,좋음,0.5,좋음,0.005
434,2021-04-27:13,보통,36.0,보통,17.0,보통,0.037,좋음,0.029,좋음,0.5,좋음,0.005
435,2021-04-27:12,좋음,29.0,좋음,13.0,보통,0.037,좋음,0.029,좋음,0.4,좋음,0.005
436,2021-04-27:11,보통,31.0,좋음,15.0,보통,0.034,좋음,0.029,좋음,0.4,좋음,0.006
437,2021-04-27:10,좋음,25.0,좋음,9.0,보통,0.032,좋음,0.029,좋음,0.4,좋음,0.005
438,2021-04-27:09,보통,35.0,좋음,10.0,보통,0.034,좋음,0.025,좋음,0.4,좋음,0.004
439,2021-04-27:08,좋음,30.0,좋음,11.0,보통,0.034,좋음,0.026,좋음,0.4,좋음,0.003
440,2021-04-27:07,좋음,27.0,좋음,14.0,좋음,0.03,좋음,0.029,좋음,0.4,좋음,0.003
441,2021-04-27:06,좋음,30.0,좋음,15.0,보통,0.037,좋음,0.02,좋음,0.3,좋음,0.003
442,2021-04-27:05,보통,35.0,보통,19.0,보통,0.033,좋음,0.022,좋음,0.4,좋음,0.003
443,2021-04-27:04,보통,34.0,보통,18.0,좋음,0.025,좋음,0.025,좋음,0.4,좋음,0.002
444,2021-04-27:03,보통,37.0,보통,16.0,보통,0.032,좋음,0.019,좋음,0.4,좋음,0.002
445,2021-04-27:02,보통,37.0,보통,18.0,보통,0.037,좋음,0.016,좋음,0.4,좋음,0.003
446,2021-04-27:01,보통,42.0,보통,20.0,보통,0.041,좋음,0.014,좋음,0.4,좋음,0.002
447,2021-04-26:24,보통,42.0,보통,19.0,보통,0.041,좋음,0.013,좋음,0.4,좋음,0.002
448,2021-04-26:23,보통,45.0,보통,20.0,보통,0.032,좋음,0.022,좋음,0.4,좋음,0.002
449,2021-04-26:22,보통,34.0,보통,16.0,보통,0.041,좋음,0.018,좋음,0.4,좋음,0.002
450,2021-04-26:21,보통,36.0,보통,17.0,보통,0.047,좋음,0.016,좋음,0.3,좋음,0.003
451,2021-04-26:20,보통,33.0,좋음,15.0,보통,0.048,좋음,0.017,좋음,0.3,좋음,0.002
452,2021-04-26:19,보통,34.0,보통,17.0,보통,0.052,좋음,0.015,좋음,0.3,좋음,0.003
453,2021-04-26:18,보통,35.0,보통,16.0,보통,0.056,좋음,0.012,좋음,0.3,좋음,0.002
454,2021-04-26:17,보통,40.0,보통,20.0,보통,0.059,좋음,0.015,좋음,0.3,좋음,0.003
455,2021-04-26:16,보통,39.0,보통,21.0,보통,0.062,좋음,0.016,좋음,0.3,좋음,0.002
456,2021-04-26:15,보통,45.0,보통,23.0,보통,0.064,좋음,0.012,좋음,0.3,좋음,0.002
457,2021-04-26:14,보통,39.0,보통,20.0,보통,0.058,좋음,0.013,좋음,0.3,좋음,0.003
458,2021-04-26:13,보통,43.0,보통,21.0,보통,0.054,좋음,0.013,좋음,0.3,좋음,0.002
459,2021-04-26:12,보통,40.0,보통,18.0,보통,0.046,좋음,0.017,좋음,0.4,좋음,0.003
460,2021-04-26:11,보통,32.0,좋음,14.0,보통,0.037,좋음,0.023,좋음,0.4,좋음,0.002
461,2021-04-26:10,좋음,20.0,좋음,6.0,보통,0.031,좋음,0.026,좋음,0.4,좋음,0.003
462,2021-04-26:09,좋음,20.0,좋음,5.0,좋음,0.024,보통,0.032,좋음,0.4,좋음,0.002
463,2021-04-26:08,좋음,16.0,좋음,6.0,좋음,0.026,좋음,0.027,좋음,0.3,좋음,0.002
464,2021-04-26:07,좋음,21.0,좋음,8.0,좋음,0.024,좋음,0.028,좋음,0.3,좋음,0.002
465,2021-04-26:06,좋음,18.0,좋음,8.0,좋음,0.03,좋음,0.019,좋음,0.3,좋음,0.002
466,2021-04-26:05,좋음,21.0,좋음,10.0,보통,0.036,좋음,0.012,좋음,0.3,좋음,0.002
467,2021-04-26:04,좋음,21.0,좋음,9.0,보통,0.038,좋음,0.01,좋음,0.3,좋음,0.002
468,2021-04-26:03,좋음,27.0,좋음,11.0,보통,0.034,좋음,0.013,좋음,0.3,좋음,0.002
469,2021-04-26:02,좋음,22.0,좋음,11.0,좋음,0.027,좋음,0.021,좋음,0.4,좋음,0.002
470,2021-04-26:01,좋음,25.0,좋음,13.0,보통,0.031,좋음,0.018,좋음,0.3,좋음,0.002
471,2021-04-25:24,좋음,26.0,좋음,12.0,좋음,0.019,보통,0.034,좋음,0.4,좋음,0.003
472,2021-04-25:23,좋음,27.0,좋음,12.0,좋음,0.029,좋음,0.023,좋음,0.4,좋음,0.002
473,2021-04-25:22,좋음,26.0,좋음,12.0,보통,0.032,좋음,0.021,좋음,0.4,좋음,0.002
474,2021-04-25:21,좋음,28.0,좋음,13.0,보통,0.04,좋음,0.014,좋음,0.3,좋음,0.003
475,2021-04-25:20,좋음,25.0,좋음,12.0,보통,0.044,좋음,0.01,좋음,0.3,좋음,0.003
476,2021-04-25:19,좋음,25.0,좋음,14.0,보통,0.051,좋음,0.009,좋음,0.3,좋음,0.002
477,2021-04-25:18,좋음,23.0,좋음,13.0,보통,0.053,좋음,0.008,좋음,0.3,좋음,0.002
478,2021-04-25:17,좋음,20.0,좋음,8.0,보통,0.051,좋음,0.011,좋음,0.3,좋음,0.003
479,2021-04-25:16,좋음,19.0,좋음,7.0,보통,0.051,좋음,0.009,좋음,0.3,좋음,0.002
480,2021-04-25:15,좋음,23.0,좋음,10.0,보통,0.05,좋음,0.008,좋음,0.3,좋음,0.002
481,2021-04-25:14,좋음,24.0,좋음,10.0,보통,0.049,좋음,0.007,좋음,0.3,좋음,0.002
482,2021-04-25:13,좋음,27.0,좋음,8.0,보통,0.046,좋음,0.009,좋음,0.3,좋음,0.002
483,2021-04-25:12,좋음,23.0,좋음,9.0,보통,0.043,좋음,0.009,좋음,0.3,좋음,0.002
484,2021-04-25:11,좋음,27.0,좋음,12.0,보통,0.044,좋음,0.007,좋음,0.3,좋음,0.002
485,2021-04-25:10,좋음,26.0,좋음,11.0,보통,0.04,좋음,0.01,좋음,0.3,좋음,0.003
486,2021-04-25:09,보통,32.0,좋음,14.0,보통,0.039,좋음,0.011,좋음,0.3,좋음,0.003
487,2021-04-25:08,좋음,30.0,좋음,13.0,보통,0.035,좋음,0.013,좋음,0.3,좋음,0.003
488,2021-04-25:07,보통,31.0,보통,17.0,좋음,0.028,좋음,0.017,좋음,0.3,좋음,0.003
489,2021-04-25:06,보통,31.0,보통,17.0,좋음,0.022,좋음,0.021,좋음,0.4,좋음,0.003
490,2021-04-25:05,보통,34.0,보통,20.0,좋음,0.022,좋음,0.021,좋음,0.4,좋음,0.003
491,2021-04-25:04,좋음,30.0,보통,17.0,좋음,0.026,좋음,0.019,좋음,0.4,좋음,0.002
492,2021-04-25:03,보통,34.0,보통,20.0,좋음,0.023,좋음,0.024,좋음,0.4,좋음,0.003
493,2021-04-25:02,보통,32.0,보통,17.0,좋음,0.021,보통,0.031,좋음,0.4,좋음,0.002
494,2021-04-25:01,보통,34.0,보통,16.0,좋음,0.028,좋음,0.027,좋음,0.4,좋음,0.003
495,2021-04-24:24,좋음,27.0,좋음,15.0,보통,0.035,좋음,0.022,좋음,0.4,좋음,0.003
496,2021-04-24:23,좋음,30.0,좋음,15.0,보통,0.042,좋음,0.017,좋음,0.3,좋음,0.003
497,2021-04-24:22,보통,34.0,좋음,15.0,보통,0.036,좋음,0.024,좋음,0.4,좋음,0.003
498,2021-04-24:21,보통,32.0,좋음,13.0,보통,0.032,좋음,0.029,좋음,0.4,좋음,0.003
499,2021-04-24:20,보통,31.0,좋음,14.0,보통,0.042,좋음,0.018,좋음,0.3,좋음,0.002
500,2021-04-24:19,좋음,29.0,좋음,12.0,보통,0.048,좋음,0.012,좋음,0.3,좋음,0.002
501,2021-04-24:18,좋음,25.0,좋음,10.0,보통,0.05,좋음,0.008,좋음,0.3,좋음,0.003
502,2021-04-24:17,좋음,28.0,좋음,13.0,보통,0.05,좋음,0.01,좋음,0.3,좋음,0.002
503,2021-04-24:16,좋음,24.0,좋음,10.0,보통,0.047,좋음,0.012,좋음,0.3,좋음,0.002
504,2021-04-24:15,좋음,28.0,좋음,12.0,보통,0.046,좋음,0.011,좋음,0.3,좋음,0.003
505,2021-04-24:14,좋음,27.0,좋음,12.0,보통,0.049,좋음,0.009,좋음,0.3,좋음,0.002
506,2021-04-24:13,좋음,18.0,좋음,11.0,보통,0.051,좋음,0.011,좋음,0.3,좋음,0.002
507,2021-04-24:12,좋음,17.0,좋음,9.0,보통,0.044,좋음,0.017,좋음,0.3,좋음,0.002
508,2021-04-24:11,좋음,20.0,좋음,9.0,보통,0.041,좋음,0.019,좋음,0.3,좋음,0.001
509,2021-04-24:10,좋음,21.0,좋음,9.0,보통,0.036,좋음,0.022,좋음,0.3,좋음,0.002
510,2021-04-24:09,좋음,26.0,좋음,10.0,보통,0.039,좋음,0.018,좋음,0.3,좋음,0.002
511,2021-04-24:08,좋음,22.0,좋음,10.0,보통,0.034,좋음,0.022,좋음,0.3,좋음,0.002
512,2021-04-24:07,좋음,24.0,좋음,10.0,보통,0.037,좋음,0.016,좋음,0.3,좋음,0.002
513,2021-04-24:06,좋음,19.0,좋음,10.0,보통,0.038,좋음,0.015,좋음,0.3,좋음,0.002
514,2021-04-24:05,좋음,20.0,좋음,10.0,보통,0.043,좋음,0.008,좋음,0.3,좋음,0.002
515,2021-04-24:04,좋음,21.0,좋음,10.0,보통,0.04,좋음,0.01,좋음,0.3,좋음,0.002
516,2021-04-24:03,좋음,20.0,좋음,13.0,보통,0.033,좋음,0.015,좋음,0.3,좋음,0.002
517,2021-04-24:02,좋음,20.0,좋음,10.0,보통,0.039,좋음,0.01,좋음,0.3,좋음,0.002
518,2021-04-24:01,좋음,21.0,좋음,11.0,보통,0.035,좋음,0.015,좋음,0.3,좋음,0.003
519,2021-04-23:24,좋음,22.0,좋음,11.0,보통,0.031,좋음,0.022,좋음,0.3,좋음,0.002
520,2021-04-23:23,좋음,25.0,좋음,13.0,보통,0.031,좋음,0.021,좋음,0.3,좋음,0.003
521,2021-04-23:22,좋음,26.0,좋음,14.0,보통,0.034,좋음,0.02,좋음,0.3,좋음,0.002
522,2021-04-23:21,좋음,29.0,보통,18.0,보통,0.031,좋음,0.026,좋음,0.4,좋음,0.002
523,2021-04-23:20,좋음,30.0,보통,16.0,좋음,0.025,보통,0.032,좋음,0.4,좋음,0.003
524,2021-04-23:19,좋음,30.0,좋음,15.0,보통,0.036,좋음,0.022,좋음,0.4,좋음,0.003
525,2021-04-23:18,좋음,30.0,좋음,14.0,보통,0.036,좋음,0.024,좋음,0.4,좋음,0.002
526,2021-04-23:17,보통,34.0,좋음,13.0,보통,0.035,좋음,0.025,좋음,0.4,좋음,0.003
527,2021-04-23:16,보통,34.0,좋음,13.0,보통,0.038,좋음,0.023,좋음,0.4,좋음,0.002
528,2021-04-23:15,보통,38.0,좋음,14.0,보통,0.038,좋음,0.023,좋음,0.4,좋음,0.002
529,2021-04-23:14,보통,36.0,좋음,14.0,보통,0.036,좋음,0.027,좋음,0.4,좋음,0.003
530,2021-04-23:13,보통,45.0,보통,19.0,보통,0.037,좋음,0.025,좋음,0.4,좋음,0.003
531,2021-04-23:12,보통,49.0,보통,20.0,보통,0.038,좋음,0.025,좋음,0.4,좋음,0.003
532,2021-04-23:11,보통,56.0,보통,25.0,보통,0.036,좋음,0.028,좋음,0.5,좋음,0.003
533,2021-04-23:10,보통,51.0,보통,27.0,보통,0.033,보통,0.031,좋음,0.5,좋음,0.002
534,2021-04-23:09,보통,58.0,보통,28.0,보통,0.039,좋음,0.024,좋음,0.5,좋음,0.003
535,2021-04-23:08,보통,58.0,보통,28.0,보통,0.038,좋음,0.028,좋음,0.5,좋음,0.003
536,2021-04-23:07,보통,58.0,보통,29.0,보통,0.036,보통,0.032,좋음,0.5,좋음,0.003
537,2021-04-23:06,보통,62.0,보통,33.0,보통,0.043,좋음,0.024,좋음,0.4,좋음,0.003
538,2021-04-23:05,보통,73.0,나쁨,38.0,보통,0.055,좋음,0.012,좋음,0.5,좋음,0.004
539,2021-04-23:04,보통,66.0,나쁨,37.0,보통,0.056,좋음,0.018,좋음,0.5,좋음,0.004
540,2021-04-23:03,보통,67.0,나쁨,37.0,보통,0.057,좋음,0.021,좋음,0.5,좋음,0.005
541,2021-04-23:02,보통,63.0,보통,32.0,보통,0.053,좋음,0.025,좋음,0.6,좋음,0.004
542,2021-04-23:01,보통,67.0,보통,35.0,보통,0.064,좋음,0.02,좋음,0.5,좋음,0.004
543,2021-04-22:24,보통,71.0,나쁨,37.0,보통,0.071,좋음,0.018,좋음,0.5,좋음,0.004
544,2021-04-22:23,보통,76.0,나쁨,38.0,보통,0.077,좋음,0.017,좋음,0.5,좋음,0.005
545,2021-04-22:22,보통,69.0,보통,33.0,보통,0.057,보통,0.032,좋음,0.5,좋음,0.005
546,2021-04-22:21,보통,63.0,보통,33.0,보통,0.049,보통,0.046,좋음,0.6,좋음,0.004
547,2021-04-22:20,보통,56.0,보통,29.0,보통,0.06,보통,0.034,좋음,0.5,좋음,0.005
548,2021-04-22:19,보통,70.0,보통,35.0,보통,0.067,보통,0.031,좋음,0.5,좋음,0.004
549,2021-04-22:18,보통,71.0,나쁨,36.0,보통,0.078,보통,0.038,좋음,0.5,좋음,0.005
550,2021-04-22:17,보통,62.0,보통,32.0,보통,0.076,좋음,0.027,좋음,0.4,좋음,0.003
551,2021-04-22:16,보통,58.0,보통,30.0,보통,0.079,좋음,0.026,좋음,0.4,좋음,0.003
552,2021-04-22:15,보통,64.0,보통,33.0,보통,0.071,좋음,0.028,좋음,0.4,좋음,0.004
553,2021-04-22:14,나쁨,81.0,나쁨,42.0,보통,0.081,보통,0.033,좋음,0.5,좋음,0.004
554,2021-04-22:13,나쁨,96.0,나쁨,51.0,보통,0.08,보통,0.037,좋음,0.6,좋음,0.004
555,2021-04-22:12,나쁨,88.0,나쁨,40.0,보통,0.063,보통,0.042,좋음,0.6,좋음,0.004
556,2021-04-22:11,나쁨,97.0,나쁨,45.0,보통,0.046,보통,0.049,좋음,0.6,좋음,0.004
557,2021-04-22:10,나쁨,98.0,나쁨,46.0,보통,0.037,보통,0.057,좋음,0.7,좋음,0.004
558,2021-04-22:09,나쁨,100.0,나쁨,47.0,좋음,0.023,나쁨,0.073,좋음,0.8,좋음,0.005
559,2021-04-22:08,나쁨,89.0,나쁨,43.0,좋음,0.026,나쁨,0.064,좋음,0.7,좋음,0.005
560,2021-04-22:07,나쁨,92.0,나쁨,44.0,보통,0.032,보통,0.055,좋음,0.6,좋음,0.005
561,2021-04-22:06,나쁨,87.0,나쁨,42.0,보통,0.051,보통,0.031,좋음,0.5,좋음,0.005
562,2021-04-22:05,나쁨,87.0,나쁨,41.0,보통,0.058,좋음,0.025,좋음,0.5,좋음,0.006
563,2021-04-22:04,보통,71.0,나쁨,38.0,보통,0.074,좋음,0.019,좋음,0.5,좋음,0.01
564,2021-04-22:03,보통,75.0,나쁨,41.0,보통,0.083,좋음,0.016,좋음,0.5,좋음,0.011
565,2021-04-22:02,나쁨,85.0,나쁨,47.0,보통,0.075,좋음,0.021,좋음,0.5,좋음,0.007
566,2021-04-22:01,나쁨,103.0,나쁨,49.0,보통,0.063,보통,0.031,좋음,0.6,좋음,0.006
567,2021-04-21:24,나쁨,108.0,나쁨,47.0,보통,0.07,좋음,0.03,좋음,0.6,좋음,0.005
568,2021-04-21:23,나쁨,110.0,나쁨,46.0,보통,0.074,좋음,0.029,좋음,0.6,좋음,0.007
569,2021-04-21:22,나쁨,100.0,나쁨,41.0,보통,0.076,좋음,0.026,좋음,0.6,좋음,0.01
570,2021-04-21:21,나쁨,122.0,나쁨,61.0,보통,0.072,보통,0.039,좋음,0.6,좋음,0.011
571,2021-04-21:20,나쁨,126.0,나쁨,61.0,보통,0.067,보통,0.058,좋음,0.6,좋음,0.009
572,2021-04-21:19,나쁨,112.0,나쁨,53.0,보통,0.079,보통,0.057,좋음,0.6,좋음,0.009
573,2021-04-21:18,보통,79.0,나쁨,36.0,보통,0.075,보통,0.042,좋음,0.5,좋음,0.004
574,2021-04-21:17,나쁨,87.0,나쁨,37.0,보통,0.078,보통,0.036,좋음,0.5,좋음,0.003
575,2021-04-21:16,나쁨,86.0,나쁨,36.0,보통,0.09,좋음,0.028,좋음,0.5,좋음,0.004
576,2021-04-21:15,나쁨,95.0,나쁨,44.0,보통,0.085,좋음,0.03,좋음,0.5,좋음,0.004
577,2021-04-21:14,나쁨,103.0,나쁨,43.0,보통,0.082,보통,0.032,좋음,0.5,좋음,0.004
578,2021-04-21:13,나쁨,102.0,나쁨,44.0,보통,0.077,보통,0.031,좋음,0.6,좋음,0.005
579,2021-04-21:12,나쁨,88.0,나쁨,39.0,보통,0.074,좋음,0.03,좋음,0.5,좋음,0.004
580,2021-04-21:11,나쁨,85.0,나쁨,40.0,보통,0.058,보통,0.042,좋음,0.6,좋음,0.004
581,2021-04-21:10,보통,77.0,보통,34.0,보통,0.038,보통,0.053,좋음,0.7,좋음,0.004
582,2021-04-21:09,보통,77.0,보통,34.0,좋음,0.019,보통,0.06,좋음,0.7,좋음,0.004
583,2021-04-21:08,보통,63.0,보통,31.0,좋음,0.011,나쁨,0.064,좋음,0.7,좋음,0.003
584,2021-04-21:07,보통,56.0,보통,31.0,좋음,0.008,보통,0.057,좋음,0.6,좋음,0.003
585,2021-04-21:06,보통,52.0,보통,28.0,좋음,0.006,보통,0.055,좋음,0.6,좋음,0.003
586,2021-04-21:05,보통,54.0,보통,29.0,좋음,0.011,보통,0.051,좋음,0.6,좋음,0.003
587,2021-04-21:04,보통,52.0,보통,27.0,좋음,0.009,보통,0.054,좋음,0.6,좋음,0.003
588,2021-04-21:03,보통,53.0,보통,28.0,좋음,0.009,보통,0.055,좋음,0.6,좋음,0.003
589,2021-04-21:02,보통,52.0,보통,26.0,좋음,0.011,보통,0.06,좋음,0.7,좋음,0.003
590,2021-04-21:01,보통,56.0,보통,29.0,좋음,0.006,나쁨,0.071,좋음,0.7,좋음,0.003
591,2021-04-20:24,보통,52.0,보통,24.0,좋음,0.006,나쁨,0.072,좋음,0.6,좋음,0.004
592,2021-04-20:23,보통,55.0,보통,26.0,좋음,0.017,보통,0.058,좋음,0.6,좋음,0.004
593,2021-04-20:22,보통,51.0,보통,21.0,좋음,0.027,보통,0.048,좋음,0.4,좋음,0.006
594,2021-04-20:21,보통,54.0,보통,21.0,보통,0.037,보통,0.038,좋음,0.4,좋음,0.007
595,2021-04-20:20,보통,48.0,보통,19.0,보통,0.05,좋음,0.029,좋음,0.4,좋음,0.009
596,2021-04-20:19,보통,54.0,보통,22.0,보통,0.06,좋음,0.028,좋음,0.4,좋음,0.007
597,2021-04-20:18,보통,62.0,보통,26.0,보통,0.062,보통,0.035,좋음,0.5,좋음,0.005
598,2021-04-20:17,나쁨,89.0,나쁨,40.0,보통,0.076,좋음,0.029,좋음,0.5,좋음,0.006
599,2021-04-20:16,나쁨,96.0,나쁨,45.0,보통,0.089,좋음,0.03,좋음,0.5,좋음,0.005
600,2021-04-20:15,나쁨,108.0,나쁨,53.0,보통,0.087,보통,0.036,좋음,0.6,좋음,0.005
601,2021-04-20:14,나쁨,97.0,나쁨,49.0,보통,0.079,보통,0.039,좋음,0.6,좋음,0.005
602,2021-04-20:13,나쁨,102.0,나쁨,51.0,보통,0.076,보통,0.036,좋음,0.6,좋음,0.005
603,2021-04-20:12,나쁨,90.0,나쁨,44.0,보통,0.064,보통,0.039,좋음,0.6,좋음,0.005
604,2021-04-20:11,나쁨,92.0,나쁨,46.0,보통,0.045,보통,0.049,좋음,0.7,좋음,0.005
605,2021-04-20:10,나쁨,81.0,나쁨,42.0,보통,0.035,보통,0.045,좋음,0.7,좋음,0.005
606,2021-04-20:09,나쁨,89.0,나쁨,50.0,좋음,0.025,보통,0.045,좋음,0.6,좋음,0.004
607,2021-04-20:08,나쁨,81.0,나쁨,46.0,좋음,0.008,보통,0.051,좋음,0.7,좋음,0.003
608,2021-04-20:07,보통,72.0,나쁨,40.0,좋음,0.009,보통,0.045,좋음,0.6,좋음,0.003
609,2021-04-20:06,보통,64.0,나쁨,37.0,좋음,0.022,좋음,0.028,좋음,0.5,좋음,0.003
610,2021-04-20:05,보통,68.0,나쁨,38.0,좋음,0.025,좋음,0.023,좋음,0.5,좋음,0.003
611,2021-04-20:04,보통,64.0,보통,34.0,좋음,0.027,좋음,0.025,좋음,0.5,좋음,0.003
612,2021-04-20:03,보통,67.0,보통,35.0,보통,0.035,좋음,0.026,좋음,0.5,좋음,0.003
613,2021-04-20:02,보통,63.0,보통,30.0,보통,0.043,좋음,0.024,좋음,0.5,좋음,0.003
614,2021-04-20:01,보통,65.0,보통,28.0,보통,0.049,좋음,0.023,좋음,0.4,좋음,0.003
615,2021-04-19:24,보통,60.0,보통,26.0,보통,0.049,좋음,0.025,좋음,0.4,좋음,0.003
616,2021-04-19:23,보통,60.0,보통,21.0,보통,0.05,좋음,0.025,좋음,0.4,좋음,0.003
617,2021-04-19:22,보통,58.0,보통,23.0,보통,0.054,좋음,0.023,좋음,0.5,좋음,0.003
618,2021-04-19:21,보통,64.0,보통,26.0,보통,0.051,좋음,0.026,좋음,0.5,좋음,0.003
619,2021-04-19:20,보통,62.0,보통,26.0,보통,0.048,보통,0.033,좋음,0.5,좋음,0.003
620,2021-04-19:19,보통,62.0,보통,26.0,보통,0.058,좋음,0.024,좋음,0.4,좋음,0.004
621,2021-04-19:18,보통,58.0,보통,23.0,보통,0.06,좋음,0.023,좋음,0.4,좋음,0.004
622,2021-04-19:17,보통,58.0,보통,21.0,보통,0.056,좋음,0.026,좋음,0.4,좋음,0.004
623,2021-04-19:16,보통,54.0,보통,20.0,보통,0.054,좋음,0.028,좋음,0.4,좋음,0.004
624,2021-04-19:15,보통,59.0,보통,22.0,보통,0.052,좋음,0.028,좋음,0.5,좋음,0.004
625,2021-04-19:14,보통,53.0,보통,21.0,보통,0.053,좋음,0.023,좋음,0.4,좋음,0.004
626,2021-04-19:13,보통,55.0,보통,24.0,보통,0.051,좋음,0.022,좋음,0.4,좋음,0.004
627,2021-04-19:12,보통,51.0,보통,20.0,보통,0.044,좋음,0.025,좋음,0.5,좋음,0.004
628,2021-04-19:11,보통,52.0,보통,22.0,보통,0.036,좋음,0.03,좋음,0.4,좋음,0.003
629,2021-04-19:10,보통,48.0,보통,23.0,좋음,0.029,보통,0.035,좋음,0.5,좋음,0.004
630,2021-04-19:09,보통,55.0,보통,29.0,좋음,0.019,보통,0.041,좋음,0.6,좋음,0.003
631,2021-04-19:08,보통,47.0,보통,29.0,좋음,0.008,보통,0.044,좋음,0.5,좋음,0.003
632,2021-04-19:07,보통,45.0,보통,26.0,좋음,0.007,보통,0.042,좋음,0.5,좋음,0.003
633,2021-04-19:06,보통,42.0,보통,24.0,좋음,0.016,좋음,0.029,좋음,0.4,좋음,0.002
634,2021-04-19:05,보통,44.0,보통,26.0,좋음,0.026,좋음,0.021,좋음,0.4,좋음,0.003
635,2021-04-19:04,보통,40.0,보통,21.0,보통,0.038,좋음,0.014,좋음,0.4,좋음,0.002
636,2021-04-19:03,보통,35.0,보통,19.0,보통,0.036,좋음,0.018,좋음,0.4,좋음,0.002
637,2021-04-19:02,보통,34.0,보통,17.0,보통,0.036,좋음,0.02,좋음,0.4,좋음,0.002
638,2021-04-19:01,보통,38.0,보통,19.0,보통,0.032,좋음,0.025,좋음,0.4,좋음,0.003
639,2021-04-18:24,보통,36.0,보통,18.0,보통,0.035,좋음,0.022,좋음,0.4,좋음,0.003
640,2021-04-18:23,보통,41.0,보통,20.0,보통,0.037,좋음,0.02,좋음,0.4,좋음,0.003
641,2021-04-18:22,보통,40.0,보통,19.0,보통,0.035,좋음,0.021,좋음,0.4,좋음,0.002
642,2021-04-18:21,보통,48.0,보통,21.0,보통,0.038,좋음,0.018,좋음,0.4,좋음,0.002
643,2021-04-18:20,보통,51.0,보통,20.0,보통,0.04,좋음,0.019,좋음,0.4,좋음,0.002
644,2021-04-18:19,보통,55.0,보통,21.0,보통,0.042,좋음,0.015,좋음,0.4,좋음,0.002
645,2021-04-18:18,보통,45.0,좋음,14.0,보통,0.041,좋음,0.013,좋음,0.4,좋음,0.003
646,2021-04-18:17,보통,42.0,좋음,14.0,보통,0.045,좋음,0.007,좋음,0.3,좋음,0.002
647,2021-04-18:16,보통,42.0,좋음,14.0,보통,0.045,좋음,0.007,좋음,0.3,좋음,0.002
648,2021-04-18:15,보통,43.0,보통,16.0,보통,0.043,좋음,0.008,좋음,0.3,좋음,0.002
649,2021-04-18:14,보통,38.0,좋음,15.0,보통,0.043,좋음,0.006,좋음,0.3,좋음,0.002
650,2021-04-18:13,보통,35.0,보통,16.0,보통,0.04,좋음,0.006,좋음,0.3,좋음,0.002
651,2021-04-18:12,보통,31.0,좋음,13.0,보통,0.037,좋음,0.006,좋음,0.3,좋음,0.002
652,2021-04-18:11,좋음,25.0,좋음,9.0,보통,0.033,좋음,0.007,좋음,0.3,좋음,0.002
653,2021-04-18:10,좋음,17.0,좋음,4.0,좋음,0.029,좋음,0.008,좋음,0.3,좋음,0.003
654,2021-04-18:09,좋음,20.0,좋음,6.0,좋음,0.025,좋음,0.009,좋음,0.4,좋음,0.002
655,2021-04-18:08,좋음,16.0,좋음,7.0,좋음,0.02,좋음,0.012,좋음,0.4,좋음,0.002
656,2021-04-18:07,좋음,22.0,좋음,12.0,좋음,0.019,좋음,0.012,좋음,0.4,좋음,0.002
657,2021-04-18:06,좋음,17.0,좋음,10.0,좋음,0.021,좋음,0.011,좋음,0.4,좋음,0.002
658,2021-04-18:05,좋음,18.0,좋음,9.0,좋음,0.024,좋음,0.009,좋음,0.4,좋음,0.002
659,2021-04-18:04,좋음,18.0,좋음,10.0,좋음,0.026,좋음,0.009,좋음,0.4,좋음,0.002
660,2021-04-18:03,좋음,27.0,좋음,12.0,좋음,0.029,좋음,0.009,좋음,0.3,좋음,0.002
661,2021-04-18:02,보통,32.0,좋음,12.0,보통,0.032,좋음,0.011,좋음,0.3,좋음,0.002
662,2021-04-18:01,보통,43.0,좋음,11.0,보통,0.035,좋음,0.01,좋음,0.3,좋음,0.002
663,2021-04-17:24,보통,41.0,좋음,9.0,보통,0.034,좋음,0.013,좋음,0.3,좋음,0.002
664,2021-04-17:23,보통,39.0,좋음,7.0,보통,0.034,좋음,0.013,좋음,0.3,좋음,0.003
665,2021-04-17:22,보통,36.0,좋음,9.0,보통,0.033,좋음,0.015,좋음,0.3,좋음,0.002
666,2021-04-17:21,보통,32.0,좋음,8.0,보통,0.033,좋음,0.016,좋음,0.3,좋음,0.002
667,2021-04-17:20,보통,35.0,좋음,8.0,보통,0.034,좋음,0.013,좋음,0.3,좋음,0.002
668,2021-04-17:19,보통,47.0,좋음,11.0,보통,0.036,좋음,0.011,좋음,0.3,좋음,0.002
669,2021-04-17:18,보통,41.0,좋음,9.0,보통,0.036,좋음,0.012,좋음,0.3,좋음,0.002
670,2021-04-17:17,보통,62.0,좋음,13.0,보통,0.04,좋음,0.008,좋음,0.3,좋음,0.002
671,2021-04-17:16,나쁨,83.0,좋음,14.0,보통,0.038,좋음,0.012,좋음,0.3,좋음,0.002
672,2021-04-17:15,나쁨,142.0,보통,22.0,보통,0.041,좋음,0.013,좋음,0.3,좋음,0.002
673,2021-04-17:14,나쁨,145.0,보통,21.0,보통,0.036,좋음,0.015,좋음,0.3,좋음,0.002
674,2021-04-17:13,매우나쁨,159.0,보통,23.0,보통,0.038,좋음,0.011,좋음,0.3,좋음,0.002
675,2021-04-17:12,매우나쁨,166.0,보통,23.0,보통,0.033,좋음,0.016,좋음,0.3,좋음,0.003
676,2021-04-17:11,매우나쁨,154.0,보통,26.0,좋음,0.022,좋음,0.029,좋음,0.4,좋음,0.003
677,2021-04-17:10,나쁨,114.0,보통,21.0,좋음,0.014,보통,0.039,좋음,0.4,좋음,0.004
678,2021-04-17:09,나쁨,96.0,보통,18.0,좋음,0.013,보통,0.04,좋음,0.4,좋음,0.003
679,2021-04-17:08,보통,76.0,보통,16.0,좋음,0.005,보통,0.047,좋음,0.6,좋음,0.003
680,2021-04-17:07,보통,77.0,좋음,15.0,좋음,0.003,보통,0.041,좋음,0.6,좋음,0.003
681,2021-04-17:06,보통,78.0,보통,16.0,좋음,0.003,보통,0.04,좋음,0.5,좋음,0.002
682,2021-04-17:05,나쁨,86.0,보통,16.0,좋음,0.009,보통,0.033,좋음,0.5,좋음,0.002
683,2021-04-17:04,나쁨,84.0,보통,16.0,좋음,0.01,보통,0.035,좋음,0.5,좋음,0.002
684,2021-04-17:03,나쁨,83.0,보통,16.0,좋음,0.004,보통,0.047,좋음,0.5,좋음,0.003
685,2021-04-17:02,보통,78.0,보통,16.0,좋음,0.004,보통,0.045,좋음,0.5,좋음,0.002
686,2021-04-17:01,나쁨,87.0,보통,20.0,좋음,0.002,보통,0.049,좋음,0.5,좋음,0.003
687,2021-04-16:24,나쁨,96.0,보통,18.0,좋음,0.008,보통,0.046,좋음,0.5,좋음,0.002
688,2021-04-16:23,나쁨,97.0,보통,17.0,좋음,0.017,보통,0.037,좋음,0.4,좋음,0.002
689,2021-04-16:22,나쁨,82.0,좋음,15.0,좋음,0.024,좋음,0.03,좋음,0.4,좋음,0.003
690,2021-04-16:21,보통,78.0,보통,16.0,좋음,0.027,좋음,0.025,좋음,0.4,좋음,0.002
691,2021-04-16:20,보통,76.0,좋음,14.0,좋음,0.026,좋음,0.024,좋음,0.3,좋음,0.002
692,2021-04-16:19,매우나쁨,200.0,보통,23.0,좋음,0.03,좋음,0.019,좋음,0.3,좋음,0.002
693,2021-04-16:18,매우나쁨,367.0,나쁨,36.0,보통,0.033,좋음,0.015,좋음,0.3,좋음,0.002
694,2021-04-16:17,매우나쁨,257.0,보통,31.0,보통,0.037,좋음,0.016,좋음,0.3,좋음,0.003
695,2021-04-16:16,나쁨,98.0,보통,19.0,보통,0.033,좋음,0.024,좋음,0.4,좋음,0.002
696,2021-04-16:15,보통,49.0,보통,21.0,보통,0.031,좋음,0.023,좋음,0.4,좋음,0.002
697,2021-04-16:14,좋음,24.0,보통,16.0,좋음,0.028,좋음,0.019,좋음,0.3,좋음,0.002
698,2021-04-16:13,,,,,,,,,,,,
699,2021-04-16:12,,,,,,,,,,,,
700,2021-04-16:11,보통,37.0,보통,18.0,좋음,0.03,보통,0.032,좋음,0.4,좋음,0.002
701,2021-04-16:10,보통,33.0,좋음,15.0,좋음,0.026,보통,0.04,좋음,0.5,좋음,0.002
702,2021-04-16:09,보통,34.0,보통,16.0,좋음,0.03,보통,0.038,좋음,0.5,좋음,0.002
703,2021-04-16:08,보통,31.0,좋음,14.0,좋음,0.028,보통,0.037,좋음,0.4,좋음,0.003
704,2021-04-16:07,보통,36.0,보통,17.0,보통,0.032,보통,0.033,좋음,0.4,좋음,0.003
705,2021-04-16:06,보통,33.0,보통,16.0,보통,0.033,좋음,0.03,좋음,0.4,좋음,0.003
706,2021-04-16:05,보통,32.0,좋음,15.0,보통,0.04,좋음,0.02,좋음,0.4,좋음,0.003
707,2021-04-16:04,보통,32.0,좋음,14.0,보통,0.039,좋음,0.021,좋음,0.4,좋음,0.003
708,2021-04-16:03,보통,38.0,보통,16.0,보통,0.036,좋음,0.023,좋음,0.4,좋음,0.003
709,2021-04-16:02,보통,37.0,좋음,15.0,좋음,0.016,보통,0.045,좋음,0.5,좋음,0.003
710,2021-04-16:01,보통,41.0,보통,17.0,좋음,0.003,보통,0.058,좋음,0.5,좋음,0.002
711,2021-04-15:24,보통,43.0,좋음,15.0,좋음,0.003,보통,0.06,좋음,0.6,좋음,0.003
712,2021-04-15:23,보통,46.0,보통,20.0,좋음,0.015,보통,0.048,좋음,0.5,좋음,0.003
713,2021-04-15:22,보통,45.0,보통,17.0,좋음,0.025,보통,0.037,좋음,0.4,좋음,0.003
714,2021-04-15:21,보통,49.0,좋음,14.0,보통,0.033,보통,0.031,좋음,0.4,좋음,0.003
715,2021-04-15:20,보통,47.0,보통,17.0,보통,0.045,좋음,0.026,좋음,0.4,좋음,0.003
716,2021-04-15:19,보통,55.0,보통,23.0,보통,0.053,좋음,0.028,좋음,0.4,좋음,0.003
717,2021-04-15:18,보통,58.0,보통,24.0,보통,0.062,좋음,0.027,좋음,0.4,좋음,0.004
718,2021-04-15:17,보통,69.0,보통,30.0,보통,0.07,좋음,0.026,좋음,0.4,좋음,0.004
719,2021-04-15:16,보통,59.0,보통,28.0,보통,0.066,좋음,0.026,좋음,0.4,좋음,0.004
720,2021-04-15:15,보통,55.0,보통,26.0,보통,0.053,좋음,0.024,좋음,0.4,좋음,0.004
721,2021-04-15:14,보통,54.0,보통,27.0,보통,0.047,좋음,0.026,좋음,0.4,좋음,0.003
722,2021-04-15:13,보통,64.0,보통,35.0,보통,0.04,보통,0.033,좋음,0.5,좋음,0.003
723,2021-04-15:12,보통,59.0,보통,33.0,보통,0.04,보통,0.031,좋음,0.5,좋음,0.004
724,2021-04-15:11,보통,61.0,보통,31.0,보통,0.038,보통,0.032,좋음,0.5,좋음,0.003
725,2021-04-15:10,보통,55.0,보통,30.0,보통,0.032,보통,0.033,좋음,0.5,좋음,0.003
726,2021-04-15:09,보통,57.0,보통,35.0,좋음,0.026,보통,0.037,좋음,0.5,좋음,0.003
727,2021-04-15:08,보통,53.0,보통,32.0,좋음,0.027,보통,0.035,좋음,0.4,좋음,0.003
728,2021-04-15:07,보통,53.0,보통,31.0,좋음,0.016,보통,0.04,좋음,0.4,좋음,0.002
729,2021-04-15:06,보통,46.0,보통,26.0,좋음,0.028,좋음,0.025,좋음,0.4,좋음,0.003
730,2021-04-15:05,보통,48.0,보통,26.0,보통,0.034,좋음,0.02,좋음,0.4,좋음,0.002
731,2021-04-15:04,보통,43.0,보통,22.0,보통,0.037,좋음,0.017,좋음,0.4,좋음,0.002
732,2021-04-15:03,보통,42.0,보통,24.0,보통,0.037,좋음,0.018,좋음,0.4,좋음,0.002
733,2021-04-15:02,보통,39.0,보통,19.0,보통,0.042,좋음,0.017,좋음,0.4,좋음,0.003
734,2021-04-15:01,보통,41.0,보통,19.0,보통,0.042,좋음,0.018,좋음,0.4,좋음,0.002
735,2021-04-14:24,보통,37.0,보통,19.0,보통,0.039,좋음,0.021,좋음,0.4,좋음,0.002
736,2021-04-14:23,보통,39.0,보통,21.0,보통,0.034,좋음,0.025,좋음,0.4,좋음,0.003
737,2021-04-14:22,보통,39.0,보통,20.0,보통,0.038,좋음,0.025,좋음,0.4,좋음,0.003
738,2021-04-14:21,보통,40.0,보통,20.0,보통,0.037,좋음,0.026,좋음,0.4,좋음,0.002
739,2021-04-14:20,보통,37.0,보통,17.0,보통,0.039,좋음,0.027,좋음,0.4,좋음,0.003
740,2021-04-14:19,보통,36.0,보통,16.0,보통,0.043,좋음,0.021,좋음,0.3,좋음,0.002
741,2021-04-14:18,보통,33.0,좋음,14.0,보통,0.047,좋음,0.019,좋음,0.3,좋음,0.003
742,2021-04-14:17,보통,34.0,좋음,15.0,보통,0.047,좋음,0.017,좋음,0.3,좋음,0.003
743,2021-04-14:16,보통,32.0,좋음,13.0,보통,0.046,좋음,0.016,좋음,0.3,좋음,0.003
744,2021-04-14:15,보통,32.0,보통,16.0,보통,0.048,좋음,0.012,좋음,0.3,좋음,0.003
745,2021-04-14:14,보통,32.0,좋음,14.0,보통,0.045,좋음,0.012,좋음,0.3,좋음,0.003
746,2021-04-14:13,보통,35.0,좋음,14.0,보통,0.041,좋음,0.014,좋음,0.3,좋음,0.003
747,2021-04-14:12,좋음,23.0,좋음,12.0,보통,0.034,좋음,0.017,좋음,0.3,좋음,0.002
748,2021-04-14:11,좋음,27.0,좋음,13.0,좋음,0.026,좋음,0.021,좋음,0.4,좋음,0.003
749,2021-04-14:10,좋음,20.0,좋음,8.0,좋음,0.03,좋음,0.014,좋음,0.3,좋음,0.002
750,2021-04-14:09,좋음,24.0,좋음,15.0,보통,0.031,좋음,0.013,좋음,0.3,좋음,0.003
751,2021-04-14:08,좋음,23.0,좋음,13.0,좋음,0.024,좋음,0.019,좋음,0.4,좋음,0.002
752,2021-04-14:07,좋음,27.0,좋음,15.0,좋음,0.025,좋음,0.018,좋음,0.3,좋음,0.002
753,2021-04-14:06,좋음,23.0,좋음,14.0,좋음,0.026,좋음,0.015,좋음,0.3,좋음,0.002
754,2021-04-14:05,좋음,26.0,좋음,15.0,좋음,0.028,좋음,0.013,좋음,0.3,좋음,0.002
755,2021-04-14:04,좋음,24.0,좋음,15.0,좋음,0.03,좋음,0.013,좋음,0.3,좋음,0.002
756,2021-04-14:03,좋음,27.0,보통,20.0,보통,0.033,좋음,0.011,좋음,0.3,좋음,0.002
757,2021-04-14:02,좋음,24.0,보통,16.0,보통,0.034,좋음,0.01,좋음,0.3,좋음,0.002
758,2021-04-14:01,좋음,27.0,보통,16.0,보통,0.034,좋음,0.011,좋음,0.3,좋음,0.002
759,2021-04-13:24,좋음,23.0,좋음,14.0,보통,0.036,좋음,0.01,좋음,0.3,좋음,0.003
760,2021-04-13:23,좋음,21.0,좋음,13.0,보통,0.036,좋음,0.01,좋음,0.3,좋음,0.002
761,2021-04-13:22,좋음,19.0,좋음,10.0,보통,0.035,좋음,0.012,좋음,0.3,좋음,0.002
762,2021-04-13:21,좋음,22.0,좋음,13.0,보통,0.033,좋음,0.015,좋음,0.3,좋음,0.002
763,2021-04-13:20,좋음,20.0,좋음,11.0,보통,0.035,좋음,0.014,좋음,0.3,좋음,0.002
764,2021-04-13:19,좋음,24.0,좋음,15.0,보통,0.033,좋음,0.016,좋음,0.3,좋음,0.002
765,2021-04-13:18,좋음,21.0,좋음,11.0,보통,0.035,좋음,0.013,좋음,0.3,좋음,0.002
766,2021-04-13:17,좋음,21.0,좋음,10.0,보통,0.036,좋음,0.012,좋음,0.3,좋음,0.002
767,2021-04-13:16,좋음,20.0,좋음,9.0,보통,0.036,좋음,0.011,좋음,0.3,좋음,0.002
768,2021-04-13:15,좋음,22.0,좋음,9.0,보통,0.035,좋음,0.011,좋음,0.3,좋음,0.002
769,2021-04-13:14,좋음,22.0,좋음,11.0,보통,0.036,좋음,0.009,좋음,0.3,좋음,0.002
770,2021-04-13:13,좋음,22.0,좋음,13.0,보통,0.037,좋음,0.011,좋음,0.4,좋음,0.002
771,2021-04-13:12,좋음,22.0,좋음,14.0,보통,0.036,좋음,0.012,좋음,0.4,좋음,0.003
772,2021-04-13:11,좋음,20.0,좋음,11.0,보통,0.04,좋음,0.015,좋음,0.4,좋음,0.003
773,2021-04-13:10,좋음,12.0,좋음,7.0,보통,0.044,좋음,0.013,좋음,0.4,좋음,0.002
774,2021-04-13:09,좋음,14.0,좋음,7.0,보통,0.043,좋음,0.012,좋음,0.4,좋음,0.002
775,2021-04-13:08,좋음,6.0,좋음,3.0,보통,0.033,좋음,0.018,좋음,0.4,좋음,0.002
776,2021-04-13:07,좋음,10.0,좋음,4.0,좋음,0.029,좋음,0.014,좋음,0.3,좋음,0.003
777,2021-04-13:06,좋음,4.0,좋음,3.0,좋음,0.022,좋음,0.017,좋음,0.3,좋음,0.002
778,2021-04-13:05,좋음,3.0,좋음,3.0,좋음,0.027,좋음,0.012,좋음,0.3,좋음,0.002
779,2021-04-13:04,좋음,3.0,좋음,2.0,좋음,0.03,좋음,0.01,좋음,0.3,좋음,0.002
780,2021-04-13:03,좋음,5.0,좋음,2.0,보통,0.032,좋음,0.01,좋음,0.3,좋음,0.002
781,2021-04-13:02,좋음,5.0,좋음,3.0,보통,0.035,좋음,0.008,좋음,0.3,좋음,0.002
782,2021-04-13:01,좋음,11.0,좋음,6.0,좋음,0.022,좋음,0.018,좋음,0.3,좋음,0.002
783,2021-04-12:24,좋음,9.0,좋음,5.0,좋음,0.014,좋음,0.029,좋음,0.4,좋음,0.002
784,2021-04-12:23,좋음,13.0,좋음,9.0,좋음,0.017,좋음,0.027,좋음,0.4,좋음,0.002
785,2021-04-12:22,좋음,15.0,좋음,10.0,좋음,0.017,좋음,0.029,좋음,0.4,좋음,0.003
786,2021-04-12:21,좋음,24.0,보통,17.0,좋음,0.017,보통,0.032,좋음,0.4,좋음,0.002
787,2021-04-12:20,좋음,25.0,보통,17.0,좋음,0.016,보통,0.037,좋음,0.5,좋음,0.002
788,2021-04-12:19,좋음,24.0,보통,17.0,좋음,0.021,보통,0.035,좋음,0.5,좋음,0.002
789,2021-04-12:18,좋음,20.0,좋음,13.0,좋음,0.027,보통,0.032,좋음,0.4,좋음,0.002
790,2021-04-12:17,보통,31.0,보통,17.0,좋음,0.027,보통,0.033,좋음,0.4,좋음,0.003
791,2021-04-12:16,보통,36.0,보통,17.0,보통,0.032,좋음,0.03,좋음,0.4,좋음,0.003
792,2021-04-12:15,보통,36.0,보통,20.0,좋음,0.028,보통,0.036,좋음,0.4,좋음,0.002
793,2021-04-12:14,보통,35.0,보통,16.0,보통,0.041,좋음,0.024,좋음,0.4,좋음,0.002
794,2021-04-12:13,보통,39.0,보통,21.0,보통,0.041,좋음,0.025,좋음,0.4,좋음,0.002
795,2021-04-12:12,보통,40.0,보통,17.0,보통,0.035,보통,0.034,좋음,0.4,좋음,0.002
796,2021-04-12:11,보통,56.0,보통,29.0,좋음,0.026,보통,0.043,좋음,0.5,좋음,0.004
797,2021-04-12:10,보통,58.0,보통,30.0,좋음,0.023,보통,0.045,좋음,0.5,좋음,0.003
798,2021-04-12:09,보통,67.0,나쁨,36.0,좋음,0.017,보통,0.051,좋음,0.5,좋음,0.003
799,2021-04-12:08,보통,63.0,나쁨,36.0,좋음,0.019,보통,0.048,좋음,0.5,좋음,0.003
800,2021-04-12:07,보통,67.0,나쁨,38.0,좋음,0.013,보통,0.053,좋음,0.5,좋음,0.003
801,2021-04-12:06,보통,60.0,보통,34.0,좋음,0.009,보통,0.053,좋음,0.6,좋음,0.003
802,2021-04-12:05,보통,58.0,보통,32.0,좋음,0.016,보통,0.041,좋음,0.5,좋음,0.003
803,2021-04-12:04,보통,54.0,보통,28.0,좋음,0.023,보통,0.032,좋음,0.5,좋음,0.003
804,2021-04-12:03,보통,56.0,보통,30.0,좋음,0.016,보통,0.043,좋음,0.6,좋음,0.003
805,2021-04-12:02,보통,54.0,보통,29.0,좋음,0.01,보통,0.055,좋음,0.6,좋음,0.003
806,2021-04-12:01,보통,55.0,보통,31.0,좋음,0.004,나쁨,0.066,좋음,0.6,좋음,0.003
807,2021-04-11:24,보통,54.0,보통,28.0,좋음,0.01,나쁨,0.061,좋음,0.6,좋음,0.003
808,2021-04-11:23,보통,57.0,보통,31.0,좋음,0.028,보통,0.043,좋음,0.5,좋음,0.002
809,2021-04-11:22,보통,50.0,보통,26.0,보통,0.04,보통,0.033,좋음,0.5,좋음,0.003
810,2021-04-11:21,보통,52.0,보통,26.0,보통,0.055,좋음,0.02,좋음,0.4,좋음,0.003
811,2021-04-11:20,보통,52.0,보통,23.0,보통,0.062,좋음,0.014,좋음,0.4,좋음,0.003
812,2021-04-11:19,보통,66.0,나쁨,36.0,보통,0.065,좋음,0.018,좋음,0.4,좋음,0.003
813,2021-04-11:18,보통,65.0,보통,34.0,보통,0.07,좋음,0.018,좋음,0.4,좋음,0.003
814,2021-04-11:17,보통,68.0,보통,35.0,보통,0.068,좋음,0.02,좋음,0.4,좋음,0.003
815,2021-04-11:16,보통,54.0,보통,28.0,보통,0.069,좋음,0.017,좋음,0.4,좋음,0.003
816,2021-04-11:15,보통,61.0,보통,32.0,보통,0.063,좋음,0.019,좋음,0.4,좋음,0.003
817,2021-04-11:14,보통,58.0,보통,28.0,보통,0.054,좋음,0.024,좋음,0.4,좋음,0.003
818,2021-04-11:13,보통,55.0,보통,25.0,보통,0.05,좋음,0.022,좋음,0.4,좋음,0.003
819,2021-04-11:12,보통,42.0,보통,21.0,보통,0.047,좋음,0.02,좋음,0.4,좋음,0.003
820,2021-04-11:11,보통,50.0,보통,30.0,보통,0.04,좋음,0.028,좋음,0.4,좋음,0.003
821,2021-04-11:10,보통,40.0,보통,23.0,보통,0.04,좋음,0.022,좋음,0.4,좋음,0.003
822,2021-04-11:09,보통,53.0,보통,26.0,좋음,0.03,좋음,0.028,좋음,0.4,좋음,0.003
823,2021-04-11:08,보통,43.0,보통,23.0,좋음,0.012,보통,0.043,좋음,0.5,좋음,0.003
824,2021-04-11:07,보통,37.0,보통,22.0,좋음,0.019,보통,0.032,좋음,0.5,좋음,0.002
825,2021-04-11:06,보통,34.0,보통,20.0,좋음,0.026,좋음,0.023,좋음,0.4,좋음,0.002
826,2021-04-11:05,보통,38.0,보통,22.0,좋음,0.03,좋음,0.02,좋음,0.4,좋음,0.002
827,2021-04-11:04,보통,36.0,보통,21.0,좋음,0.028,좋음,0.021,좋음,0.4,좋음,0.003
828,2021-04-11:03,보통,39.0,보통,21.0,좋음,0.027,좋음,0.026,좋음,0.4,좋음,0.003
829,2021-04-11:02,보통,36.0,보통,20.0,좋음,0.03,좋음,0.025,좋음,0.4,좋음,0.002
830,2021-04-11:01,보통,43.0,보통,22.0,좋음,0.029,좋음,0.029,좋음,0.4,좋음,0.002
831,2021-04-10:24,보통,41.0,보통,21.0,보통,0.033,좋음,0.029,좋음,0.4,좋음,0.002
832,2021-04-10:23,보통,45.0,보통,22.0,보통,0.034,좋음,0.028,좋음,0.4,좋음,0.003
833,2021-04-10:22,보통,42.0,보통,20.0,보통,0.039,좋음,0.023,좋음,0.4,좋음,0.002
834,2021-04-10:21,보통,45.0,보통,21.0,보통,0.045,좋음,0.021,좋음,0.4,좋음,0.003
835,2021-04-10:20,보통,39.0,보통,20.0,보통,0.048,좋음,0.024,좋음,0.4,좋음,0.003
836,2021-04-10:19,보통,44.0,보통,23.0,보통,0.052,좋음,0.022,좋음,0.4,좋음,0.003
837,2021-04-10:18,보통,46.0,보통,24.0,보통,0.06,좋음,0.02,좋음,0.4,좋음,0.004
838,2021-04-10:17,보통,60.0,보통,34.0,보통,0.064,좋음,0.02,좋음,0.4,좋음,0.004
839,2021-04-10:16,보통,57.0,보통,33.0,보통,0.07,좋음,0.021,좋음,0.4,좋음,0.004
840,2021-04-10:15,보통,54.0,보통,29.0,보통,0.066,좋음,0.019,좋음,0.4,좋음,0.003
841,2021-04-10:14,보통,43.0,보통,23.0,보통,0.056,좋음,0.018,좋음,0.4,좋음,0.003
842,2021-04-10:13,보통,41.0,보통,23.0,보통,0.047,좋음,0.019,좋음,0.4,좋음,0.003
843,2021-04-10:12,보통,35.0,보통,19.0,보통,0.038,좋음,0.023,좋음,0.3,좋음,0.003
844,2021-04-10:11,보통,36.0,보통,17.0,보통,0.035,좋음,0.023,좋음,0.4,좋음,0.003
845,2021-04-10:10,좋음,29.0,좋음,14.0,보통,0.032,좋음,0.025,좋음,0.4,좋음,0.003
846,2021-04-10:09,보통,36.0,보통,16.0,좋음,0.029,좋음,0.026,좋음,0.4,좋음,0.003
847,2021-04-10:08,좋음,29.0,보통,16.0,좋음,0.029,좋음,0.025,좋음,0.3,좋음,0.002
848,2021-04-10:07,좋음,27.0,좋음,15.0,좋음,0.026,좋음,0.026,좋음,0.3,좋음,0.003
849,2021-04-10:06,좋음,25.0,좋음,15.0,보통,0.031,좋음,0.021,좋음,0.3,좋음,0.002
850,2021-04-10:05,좋음,25.0,보통,16.0,보통,0.035,좋음,0.016,좋음,0.3,좋음,0.002
851,2021-04-10:04,좋음,23.0,좋음,14.0,보통,0.038,좋음,0.012,좋음,0.3,좋음,0.002
852,2021-04-10:03,좋음,24.0,좋음,15.0,보통,0.039,좋음,0.01,좋음,0.3,좋음,0.002
853,2021-04-10:02,좋음,24.0,좋음,14.0,보통,0.038,좋음,0.012,좋음,0.3,좋음,0.002
854,2021-04-10:01,좋음,28.0,보통,17.0,보통,0.036,좋음,0.015,좋음,0.3,좋음,0.002
855,2021-04-09:24,좋음,29.0,좋음,14.0,좋음,0.029,좋음,0.024,좋음,0.3,좋음,0.002
856,2021-04-09:23,보통,36.0,보통,18.0,보통,0.032,좋음,0.021,좋음,0.3,좋음,0.002
857,2021-04-09:22,보통,38.0,보통,18.0,보통,0.031,좋음,0.027,좋음,0.4,좋음,0.002
858,2021-04-09:21,보통,39.0,보통,18.0,보통,0.044,좋음,0.015,좋음,0.3,좋음,0.003
859,2021-04-09:20,보통,39.0,보통,19.0,보통,0.039,좋음,0.027,좋음,0.4,좋음,0.003
860,2021-04-09:19,보통,42.0,보통,23.0,보통,0.054,좋음,0.017,좋음,0.3,좋음,0.002
861,2021-04-09:18,보통,39.0,보통,20.0,보통,0.059,좋음,0.015,좋음,0.3,좋음,0.003
862,2021-04-09:17,보통,36.0,보통,19.0,보통,0.056,좋음,0.016,좋음,0.3,좋음,0.002
863,2021-04-09:16,보통,34.0,보통,16.0,보통,0.055,좋음,0.015,좋음,0.3,좋음,0.002
864,2021-04-09:15,보통,38.0,보통,19.0,보통,0.052,좋음,0.017,좋음,0.3,좋음,0.002
865,2021-04-09:14,보통,32.0,보통,17.0,보통,0.049,좋음,0.015,좋음,0.3,좋음,0.003
866,2021-04-09:13,보통,35.0,보통,16.0,보통,0.049,좋음,0.011,좋음,0.3,좋음,0.003
867,2021-04-09:12,좋음,29.0,좋음,14.0,보통,0.046,좋음,0.013,좋음,0.3,좋음,0.003
868,2021-04-09:11,보통,33.0,좋음,15.0,보통,0.041,좋음,0.015,좋음,0.3,좋음,0.002
869,2021-04-09:10,좋음,28.0,좋음,11.0,보통,0.039,좋음,0.017,좋음,0.3,좋음,0.002
870,2021-04-09:09,보통,42.0,보통,19.0,보통,0.035,좋음,0.022,좋음,0.3,좋음,0.003
871,2021-04-09:08,보통,40.0,보통,17.0,좋음,0.03,좋음,0.027,좋음,0.4,좋음,0.002
872,2021-04-09:07,보통,44.0,보통,21.0,좋음,0.028,좋음,0.027,좋음,0.4,좋음,0.003
873,2021-04-09:06,보통,42.0,보통,21.0,보통,0.033,좋음,0.02,좋음,0.4,좋음,0.003
874,2021-04-09:05,보통,40.0,보통,21.0,보통,0.036,좋음,0.018,좋음,0.4,좋음,0.003
875,2021-04-09:04,보통,38.0,보통,21.0,좋음,0.025,좋음,0.025,좋음,0.4,좋음,0.003
876,2021-04-09:03,보통,40.0,보통,21.0,보통,0.036,좋음,0.018,좋음,0.4,좋음,0.003
877,2021-04-09:02,보통,37.0,보통,20.0,보통,0.038,좋음,0.017,좋음,0.4,좋음,0.003
878,2021-04-09:01,보통,38.0,보통,19.0,보통,0.038,좋음,0.02,좋음,0.4,좋음,0.003
879,2021-04-08:24,보통,38.0,보통,19.0,보통,0.041,좋음,0.017,좋음,0.4,좋음,0.003
880,2021-04-08:23,보통,39.0,보통,20.0,보통,0.044,좋음,0.015,좋음,0.4,좋음,0.003
881,2021-04-08:22,좋음,28.0,좋음,13.0,보통,0.042,좋음,0.015,좋음,0.3,좋음,0.003
882,2021-04-08:21,좋음,30.0,좋음,8.0,보통,0.04,좋음,0.013,좋음,0.3,좋음,0.003
883,2021-04-08:20,보통,35.0,좋음,12.0,보통,0.041,좋음,0.012,좋음,0.3,좋음,0.002
884,2021-04-08:19,보통,39.0,보통,17.0,보통,0.046,좋음,0.011,좋음,0.3,좋음,0.003
885,2021-04-08:18,보통,33.0,좋음,11.0,보통,0.048,좋음,0.009,좋음,0.3,좋음,0.003
886,2021-04-08:17,좋음,30.0,좋음,11.0,보통,0.047,좋음,0.01,좋음,0.3,좋음,0.002
887,2021-04-08:16,좋음,29.0,좋음,11.0,보통,0.048,좋음,0.01,좋음,0.3,좋음,0.002
888,2021-04-08:15,보통,32.0,좋음,15.0,보통,0.051,좋음,0.01,좋음,0.3,좋음,0.002
889,2021-04-08:14,보통,31.0,좋음,13.0,보통,0.052,좋음,0.008,좋음,0.3,좋음,0.002
890,2021-04-08:13,보통,41.0,보통,21.0,보통,0.054,좋음,0.01,좋음,0.3,좋음,0.003
891,2021-04-08:12,보통,38.0,보통,18.0,보통,0.043,좋음,0.017,좋음,0.3,좋음,0.003
892,2021-04-08:11,보통,37.0,보통,16.0,보통,0.04,좋음,0.02,좋음,0.4,좋음,0.002
893,2021-04-08:10,보통,33.0,좋음,13.0,보통,0.037,좋음,0.022,좋음,0.4,좋음,0.003
894,2021-04-08:09,보통,47.0,보통,22.0,보통,0.032,좋음,0.026,좋음,0.4,좋음,0.003
895,2021-04-08:08,보통,49.0,보통,24.0,좋음,0.029,좋음,0.029,좋음,0.4,좋음,0.003
896,2021-04-08:07,보통,41.0,보통,20.0,좋음,0.02,보통,0.038,좋음,0.4,좋음,0.003
897,2021-04-08:06,보통,35.0,보통,18.0,좋음,0.029,좋음,0.025,좋음,0.4,좋음,0.003
898,2021-04-08:05,보통,35.0,보통,21.0,보통,0.038,좋음,0.019,좋음,0.4,좋음,0.003
899,2021-04-08:04,보통,35.0,보통,17.0,보통,0.04,좋음,0.017,좋음,0.4,좋음,0.003
900,2021-04-08:03,보통,37.0,보통,18.0,보통,0.045,좋음,0.011,좋음,0.4,좋음,0.003
901,2021-04-08:02,보통,38.0,보통,17.0,보통,0.044,좋음,0.013,좋음,0.4,좋음,0.003
902,2021-04-08:01,보통,41.0,보통,16.0,보통,0.042,좋음,0.015,좋음,0.4,좋음,0.003
903,2021-04-07:24,보통,44.0,보통,23.0,보통,0.039,좋음,0.022,좋음,0.4,좋음,0.003
904,2021-04-07:23,보통,48.0,보통,27.0,보통,0.042,좋음,0.023,좋음,0.5,좋음,0.003
905,2021-04-07:22,보통,43.0,보통,24.0,보통,0.049,좋음,0.02,좋음,0.5,좋음,0.003
906,2021-04-07:21,좋음,29.0,좋음,13.0,보통,0.044,좋음,0.025,좋음,0.4,좋음,0.003
907,2021-04-07:20,좋음,24.0,좋음,11.0,보통,0.04,좋음,0.025,좋음,0.3,좋음,0.002
908,2021-04-07:19,좋음,30.0,좋음,14.0,보통,0.045,좋음,0.02,좋음,0.3,좋음,0.003
909,2021-04-07:18,좋음,30.0,좋음,13.0,보통,0.049,좋음,0.017,좋음,0.3,좋음,0.003
910,2021-04-07:17,보통,39.0,보통,18.0,보통,0.049,좋음,0.022,좋음,0.4,좋음,0.003
911,2021-04-07:16,보통,48.0,보통,26.0,보통,0.056,좋음,0.021,좋음,0.4,좋음,0.003
912,2021-04-07:15,보통,53.0,보통,29.0,보통,0.058,좋음,0.021,좋음,0.4,좋음,0.004
913,2021-04-07:14,보통,47.0,보통,26.0,보통,0.049,좋음,0.021,좋음,0.3,좋음,0.004
914,2021-04-07:13,보통,72.0,나쁨,45.0,보통,0.042,좋음,0.026,좋음,0.4,좋음,0.003
915,2021-04-07:12,나쁨,84.0,나쁨,53.0,좋음,0.028,보통,0.049,좋음,0.6,좋음,0.004
916,2021-04-07:11,나쁨,102.0,나쁨,67.0,좋음,0.02,보통,0.057,좋음,0.7,좋음,0.003
917,2021-04-07:10,나쁨,86.0,나쁨,55.0,좋음,0.014,보통,0.059,좋음,0.7,좋음,0.004
918,2021-04-07:09,나쁨,88.0,나쁨,56.0,좋음,0.012,보통,0.057,좋음,0.7,좋음,0.003
919,2021-04-07:08,나쁨,83.0,나쁨,58.0,좋음,0.009,보통,0.047,좋음,0.7,좋음,0.003
920,2021-04-07:07,나쁨,100.0,나쁨,70.0,좋음,0.016,보통,0.039,좋음,0.6,좋음,0.003
921,2021-04-07:06,나쁨,91.0,나쁨,63.0,좋음,0.025,좋음,0.029,좋음,0.6,좋음,0.003
922,2021-04-07:05,보통,79.0,나쁨,52.0,좋음,0.027,보통,0.031,좋음,0.6,좋음,0.002
923,2021-04-07:04,보통,68.0,나쁨,44.0,보통,0.033,좋음,0.027,좋음,0.6,좋음,0.003
924,2021-04-07:03,보통,69.0,나쁨,47.0,보통,0.041,좋음,0.024,좋음,0.5,좋음,0.003
925,2021-04-07:02,보통,61.0,나쁨,38.0,보통,0.045,좋음,0.022,좋음,0.5,좋음,0.003
926,2021-04-07:01,보통,63.0,나쁨,38.0,보통,0.051,좋음,0.02,좋음,0.5,좋음,0.003
927,2021-04-06:24,보통,56.0,보통,33.0,보통,0.048,좋음,0.026,좋음,0.5,좋음,0.003
928,2021-04-06:23,보통,54.0,보통,33.0,보통,0.053,좋음,0.021,좋음,0.4,좋음,0.003
929,2021-04-06:22,보통,49.0,보통,27.0,보통,0.054,좋음,0.018,좋음,0.4,좋음,0.003
930,2021-04-06:21,보통,47.0,보통,29.0,보통,0.045,좋음,0.025,좋음,0.4,좋음,0.003
931,2021-04-06:20,보통,50.0,보통,27.0,보통,0.049,좋음,0.022,좋음,0.4,좋음,0.003
932,2021-04-06:19,보통,58.0,보통,32.0,보통,0.051,좋음,0.024,좋음,0.4,좋음,0.003
933,2021-04-06:18,보통,57.0,보통,33.0,보통,0.063,좋음,0.016,좋음,0.4,좋음,0.003
934,2021-04-06:17,보통,58.0,보통,32.0,보통,0.066,좋음,0.02,좋음,0.4,좋음,0.004
935,2021-04-06:16,보통,47.0,보통,25.0,보통,0.063,좋음,0.017,좋음,0.4,좋음,0.004
936,2021-04-06:15,보통,55.0,보통,31.0,보통,0.06,좋음,0.018,좋음,0.4,좋음,0.004
937,2021-04-06:14,보통,59.0,보통,33.0,보통,0.069,좋음,0.017,좋음,0.4,좋음,0.003
938,2021-04-06:13,보통,53.0,보통,28.0,보통,0.059,좋음,0.018,좋음,0.4,좋음,0.003
939,2021-04-06:12,보통,44.0,보통,21.0,보통,0.036,좋음,0.03,좋음,0.4,좋음,0.003
940,2021-04-06:11,보통,54.0,보통,25.0,좋음,0.021,보통,0.052,좋음,0.5,좋음,0.003
941,2021-04-06:10,보통,46.0,보통,23.0,좋음,0.012,보통,0.056,좋음,0.6,좋음,0.004
942,2021-04-06:09,보통,44.0,보통,21.0,좋음,0.01,보통,0.052,좋음,0.5,좋음,0.003
943,2021-04-06:08,보통,35.0,보통,18.0,좋음,0.009,보통,0.046,좋음,0.5,좋음,0.003
944,2021-04-06:07,보통,34.0,보통,16.0,좋음,0.017,보통,0.036,좋음,0.4,좋음,0.003
945,2021-04-06:06,좋음,28.0,좋음,15.0,좋음,0.025,좋음,0.026,좋음,0.4,좋음,0.003
946,2021-04-06:05,좋음,27.0,좋음,15.0,보통,0.031,좋음,0.017,좋음,0.4,좋음,0.002
947,2021-04-06:04,좋음,26.0,좋음,14.0,좋음,0.028,좋음,0.023,좋음,0.4,좋음,0.002
948,2021-04-06:03,좋음,28.0,좋음,13.0,좋음,0.018,보통,0.035,좋음,0.5,좋음,0.002
949,2021-04-06:02,좋음,24.0,좋음,13.0,좋음,0.026,좋음,0.026,좋음,0.4,좋음,0.003
950,2021-04-06:01,좋음,25.0,좋음,13.0,보통,0.035,좋음,0.02,좋음,0.4,좋음,0.003
951,2021-04-05:24,좋음,21.0,좋음,11.0,보통,0.036,좋음,0.02,좋음,0.4,좋음,0.003
952,2021-04-05:23,좋음,20.0,좋음,9.0,보통,0.038,좋음,0.018,좋음,0.3,좋음,0.003
953,2021-04-05:22,좋음,20.0,좋음,10.0,보통,0.039,좋음,0.015,좋음,0.3,좋음,0.002
954,2021-04-05:21,좋음,23.0,좋음,11.0,보통,0.035,좋음,0.021,좋음,0.4,좋음,0.003
955,2021-04-05:20,좋음,23.0,좋음,11.0,보통,0.039,좋음,0.018,좋음,0.3,좋음,0.002
956,2021-04-05:19,좋음,28.0,좋음,14.0,보통,0.044,좋음,0.017,좋음,0.3,좋음,0.002
957,2021-04-05:18,보통,33.0,보통,16.0,보통,0.043,좋음,0.02,좋음,0.3,좋음,0.002
958,2021-04-05:17,좋음,19.0,좋음,9.0,보통,0.039,좋음,0.026,좋음,0.3,좋음,0.003
959,2021-04-05:16,좋음,17.0,좋음,9.0,보통,0.041,좋음,0.02,좋음,0.3,좋음,0.002
960,2021-04-05:15,좋음,19.0,좋음,10.0,보통,0.039,좋음,0.02,좋음,0.3,좋음,0.002
961,2021-04-05:14,좋음,19.0,좋음,12.0,보통,0.039,좋음,0.017,좋음,0.3,좋음,0.003
962,2021-04-05:13,좋음,19.0,좋음,11.0,보통,0.039,좋음,0.014,좋음,0.3,좋음,0.002
963,2021-04-05:12,좋음,18.0,좋음,9.0,보통,0.035,좋음,0.018,좋음,0.4,좋음,0.002
964,2021-04-05:11,좋음,22.0,좋음,10.0,좋음,0.03,좋음,0.023,좋음,0.4,좋음,0.002
965,2021-04-05:10,좋음,19.0,좋음,7.0,좋음,0.025,좋음,0.026,좋음,0.4,좋음,0.002
966,2021-04-05:09,좋음,27.0,좋음,10.0,좋음,0.02,좋음,0.03,좋음,0.4,좋음,0.002
967,2021-04-05:08,좋음,23.0,좋음,10.0,좋음,0.018,좋음,0.029,좋음,0.4,좋음,0.002
968,2021-04-05:07,좋음,28.0,좋음,12.0,좋음,0.018,좋음,0.028,좋음,0.3,좋음,0.003
969,2021-04-05:06,좋음,22.0,좋음,11.0,좋음,0.024,좋음,0.019,좋음,0.3,좋음,0.002
970,2021-04-05:05,좋음,25.0,좋음,11.0,보통,0.032,좋음,0.011,좋음,0.3,좋음,0.002
971,2021-04-05:04,좋음,24.0,좋음,11.0,좋음,0.028,좋음,0.015,좋음,0.3,좋음,0.002
972,2021-04-05:03,좋음,26.0,좋음,13.0,좋음,0.027,좋음,0.017,좋음,0.3,좋음,0.002
973,2021-04-05:02,좋음,25.0,좋음,13.0,좋음,0.025,좋음,0.019,좋음,0.3,좋음,0.002
974,2021-04-05:01,좋음,28.0,좋음,11.0,좋음,0.029,좋음,0.018,좋음,0.3,좋음,0.002
975,2021-04-04:24,좋음,25.0,좋음,11.0,보통,0.033,좋음,0.016,좋음,0.3,좋음,0.003
976,2021-04-04:23,좋음,26.0,좋음,13.0,좋음,0.029,좋음,0.019,좋음,0.3,좋음,0.002
977,2021-04-04:22,좋음,25.0,좋음,12.0,보통,0.031,좋음,0.018,좋음,0.3,좋음,0.002
978,2021-04-04:21,좋음,26.0,좋음,12.0,보통,0.034,좋음,0.014,좋음,0.3,좋음,0.002
979,2021-04-04:20,좋음,23.0,좋음,12.0,보통,0.034,좋음,0.014,좋음,0.3,좋음,0.002
980,2021-04-04:19,좋음,20.0,좋음,11.0,보통,0.035,좋음,0.014,좋음,0.3,좋음,0.002
981,2021-04-04:18,좋음,14.0,좋음,9.0,보통,0.04,좋음,0.01,좋음,0.3,좋음,0.002
982,2021-04-04:17,좋음,11.0,좋음,6.0,보통,0.039,좋음,0.01,좋음,0.3,좋음,0.002
983,2021-04-04:16,좋음,9.0,좋음,5.0,보통,0.039,좋음,0.009,좋음,0.3,좋음,0.002
984,2021-04-04:15,좋음,12.0,좋음,8.0,보통,0.04,좋음,0.01,좋음,0.3,좋음,0.002
985,2021-04-04:14,좋음,10.0,좋음,7.0,보통,0.04,좋음,0.01,좋음,0.3,좋음,0.002
986,2021-04-04:13,좋음,8.0,좋음,5.0,보통,0.039,좋음,0.009,좋음,0.3,좋음,0.002
987,2021-04-04:12,좋음,5.0,좋음,1.0,보통,0.036,좋음,0.01,좋음,0.3,좋음,0.002
988,2021-04-04:11,좋음,7.0,좋음,3.0,보통,0.035,좋음,0.01,좋음,0.3,좋음,0.002
989,2021-04-04:10,좋음,3.0,좋음,1.0,보통,0.032,좋음,0.012,좋음,0.3,좋음,0.002
990,2021-04-04:09,좋음,6.0,좋음,1.0,보통,0.032,좋음,0.012,좋음,0.3,좋음,0.002
991,2021-04-04:08,좋음,3.0,좋음,1.0,보통,0.033,좋음,0.011,좋음,0.3,좋음,0.002
992,2021-04-04:07,좋음,6.0,좋음,1.0,보통,0.032,좋음,0.011,좋음,0.3,좋음,0.002
993,2021-04-04:06,좋음,3.0,좋음,2.0,보통,0.035,좋음,0.008,좋음,0.3,좋음,0.002
994,2021-04-04:05,좋음,7.0,좋음,3.0,보통,0.037,좋음,0.006,좋음,0.3,좋음,0.002
995,2021-04-04:04,좋음,3.0,좋음,1.0,보통,0.039,좋음,0.006,좋음,0.3,좋음,0.003
996,2021-04-04:03,좋음,4.0,좋음,2.0,보통,0.039,좋음,0.006,좋음,0.3,좋음,0.002
997,2021-04-04:02,좋음,4.0,좋음,2.0,보통,0.038,좋음,0.008,좋음,0.3,좋음,0.002
998,2021-04-04:01,좋음,8.0,좋음,2.0,보통,0.036,좋음,0.01,좋음,0.3,좋음,0.003
999,2021-04-03:24,좋음,3.0,좋음,2.0,보통,0.031,좋음,0.014,좋음,0.3,좋음,0.003
1000,2021-04-03:23,좋음,17.0,좋음,13.0,보통,0.031,좋음,0.012,좋음,0.4,좋음,0.002
1001,2021-04-03:22,좋음,22.0,좋음,15.0,좋음,0.026,좋음,0.015,좋음,0.4,좋음,0.002
1002,2021-04-03:21,좋음,7.0,좋음,6.0,좋음,0.022,좋음,0.017,좋음,0.4,좋음,0.002
1003,2021-04-03:20,좋음,7.0,좋음,5.0,좋음,0.018,좋음,0.022,좋음,0.4,좋음,0.002
1004,2021-04-03:19,좋음,8.0,좋음,4.0,좋음,0.017,좋음,0.024,좋음,0.4,좋음,0.003
1005,2021-04-03:18,좋음,7.0,좋음,4.0,좋음,0.02,좋음,0.023,좋음,0.4,좋음,0.003
1006,2021-04-03:17,좋음,13.0,좋음,8.0,좋음,0.018,좋음,0.026,좋음,0.4,좋음,0.003
1007,2021-04-03:16,좋음,15.0,좋음,9.0,좋음,0.018,좋음,0.026,좋음,0.5,좋음,0.003
1008,2021-04-03:15,좋음,21.0,좋음,14.0,좋음,0.017,좋음,0.028,좋음,0.5,좋음,0.003
1009,2021-04-03:14,좋음,27.0,좋음,13.0,좋음,0.019,좋음,0.028,좋음,0.5,좋음,0.003
1010,2021-04-03:13,보통,35.0,보통,16.0,좋음,0.022,좋음,0.026,좋음,0.5,좋음,0.003
1011,2021-04-03:12,보통,56.0,보통,19.0,좋음,0.023,좋음,0.027,좋음,0.4,좋음,0.003
1012,2021-04-03:11,보통,78.0,보통,24.0,좋음,0.018,보통,0.04,좋음,0.5,좋음,0.002
1013,2021-04-03:10,보통,60.0,보통,20.0,좋음,0.026,좋음,0.029,좋음,0.4,좋음,0.003
1014,2021-04-03:09,보통,64.0,보통,19.0,좋음,0.024,보통,0.031,좋음,0.4,좋음,0.003
1015,2021-04-03:08,보통,55.0,보통,19.0,좋음,0.024,좋음,0.028,좋음,0.4,좋음,0.003
1016,2021-04-03:07,보통,56.0,보통,19.0,좋음,0.025,좋음,0.028,좋음,0.4,좋음,0.003
1017,2021-04-03:06,보통,53.0,보통,19.0,좋음,0.027,좋음,0.023,좋음,0.4,좋음,0.003
1018,2021-04-03:05,보통,59.0,보통,25.0,좋음,0.026,좋음,0.022,좋음,0.4,좋음,0.003
1019,2021-04-03:04,보통,54.0,보통,20.0,좋음,0.02,보통,0.031,좋음,0.4,좋음,0.003
1020,2021-04-03:03,보통,58.0,보통,21.0,좋음,0.019,보통,0.034,좋음,0.4,좋음,0.003
1021,2021-04-03:02,보통,59.0,보통,21.0,좋음,0.007,보통,0.055,좋음,0.6,좋음,0.003
1022,2021-04-03:01,보통,63.0,보통,24.0,좋음,0.005,나쁨,0.062,좋음,0.6,좋음,0.003
1023,2021-04-02:24,보통,60.0,보통,20.0,좋음,0.006,나쁨,0.061,좋음,0.5,좋음,0.004
1024,2021-04-02:23,보통,68.0,보통,28.0,좋음,0.006,나쁨,0.066,좋음,0.6,좋음,0.003
1025,2021-04-02:22,보통,59.0,보통,20.0,좋음,0.008,나쁨,0.065,좋음,0.6,좋음,0.003
1026,2021-04-02:21,보통,62.0,보통,21.0,좋음,0.024,보통,0.042,좋음,0.4,좋음,0.003
1027,2021-04-02:20,보통,66.0,보통,20.0,좋음,0.016,보통,0.058,좋음,0.5,좋음,0.004
1028,2021-04-02:19,보통,56.0,보통,17.0,좋음,0.019,보통,0.055,좋음,0.4,좋음,0.004
1029,2021-04-02:18,보통,46.0,좋음,14.0,보통,0.04,좋음,0.027,좋음,0.4,좋음,0.003
1030,2021-04-02:17,보통,51.0,보통,17.0,보통,0.041,좋음,0.025,좋음,0.3,좋음,0.003
1031,2021-04-02:16,보통,49.0,좋음,15.0,보통,0.039,보통,0.032,좋음,0.4,좋음,0.003
1032,2021-04-02:15,보통,46.0,좋음,15.0,보통,0.043,좋음,0.025,좋음,0.4,좋음,0.003
1033,2021-04-02:14,보통,40.0,좋음,13.0,보통,0.042,좋음,0.021,좋음,0.3,좋음,0.002
1034,2021-04-02:13,보통,46.0,좋음,14.0,보통,0.041,좋음,0.019,좋음,0.3,좋음,0.002
1035,2021-04-02:12,보통,45.0,좋음,12.0,보통,0.038,좋음,0.021,좋음,0.4,좋음,0.003
1036,2021-04-02:11,보통,50.0,좋음,14.0,보통,0.033,좋음,0.025,좋음,0.4,좋음,0.002
1037,2021-04-02:10,보통,48.0,좋음,11.0,보통,0.033,좋음,0.024,좋음,0.4,좋음,0.002
1038,2021-04-02:09,보통,61.0,좋음,13.0,좋음,0.027,보통,0.031,좋음,0.4,좋음,0.003
1039,2021-04-02:08,보통,50.0,좋음,11.0,좋음,0.028,좋음,0.03,좋음,0.4,좋음,0.002
1040,2021-04-02:07,보통,55.0,좋음,12.0,보통,0.031,좋음,0.025,좋음,0.3,좋음,0.002
1041,2021-04-02:06,보통,50.0,좋음,12.0,보통,0.035,좋음,0.019,좋음,0.3,좋음,0.002
1042,2021-04-02:05,보통,56.0,좋음,12.0,보통,0.04,좋음,0.013,좋음,0.3,좋음,0.003
1043,2021-04-02:04,보통,54.0,좋음,13.0,보통,0.041,좋음,0.012,좋음,0.3,좋음,0.002
1044,2021-04-02:03,보통,56.0,좋음,13.0,보통,0.042,좋음,0.011,좋음,0.3,좋음,0.003
1045,2021-04-02:02,보통,54.0,좋음,13.0,보통,0.044,좋음,0.009,좋음,0.3,좋음,0.002
1046,2021-04-02:01,보통,57.0,좋음,14.0,보통,0.043,좋음,0.011,좋음,0.3,좋음,0.002
1047,2021-04-01:24,보통,55.0,좋음,14.0,보통,0.038,좋음,0.017,좋음,0.3,좋음,0.002
1048,2021-04-01:23,보통,60.0,좋음,15.0,보통,0.037,좋음,0.017,좋음,0.3,좋음,0.003
1049,2021-04-01:22,보통,55.0,보통,16.0,보통,0.035,좋음,0.02,좋음,0.4,좋음,0.003
1050,2021-04-01:21,보통,58.0,보통,17.0,좋음,0.029,좋음,0.027,좋음,0.4,좋음,0.002
1051,2021-04-01:20,보통,65.0,보통,20.0,보통,0.034,좋음,0.026,좋음,0.4,좋음,0.003
1052,2021-04-01:19,보통,74.0,보통,16.0,보통,0.037,좋음,0.025,좋음,0.4,좋음,0.003
1053,2021-04-01:18,보통,66.0,좋음,15.0,보통,0.041,좋음,0.025,좋음,0.4,좋음,0.003
1054,2021-04-01:17,보통,60.0,좋음,13.0,보통,0.043,좋음,0.023,좋음,0.4,좋음,0.003
1055,2021-04-01:16,보통,51.0,좋음,13.0,보통,0.042,좋음,0.022,좋음,0.4,좋음,0.003
1056,2021-04-01:15,보통,50.0,좋음,13.0,보통,0.041,좋음,0.022,좋음,0.4,좋음,0.003
1057,2021-04-01:14,보통,47.0,좋음,13.0,보통,0.043,좋음,0.018,좋음,0.3,좋음,0.003
1058,2021-04-01:13,보통,48.0,좋음,13.0,보통,0.041,좋음,0.019,좋음,0.3,좋음,0.002
1059,2021-04-01:12,보통,43.0,좋음,13.0,보통,0.038,좋음,0.022,좋음,0.4,좋음,0.003
1060,2021-04-01:11,보통,47.0,좋음,12.0,보통,0.032,좋음,0.026,좋음,0.4,좋음,0.003
1061,2021-04-01:10,보통,42.0,좋음,11.0,좋음,0.028,좋음,0.03,좋음,0.5,좋음,0.003
1062,2021-04-01:09,보통,45.0,보통,16.0,좋음,0.025,보통,0.034,좋음,0.4,좋음,0.003
1063,2021-04-01:08,보통,36.0,좋음,14.0,좋음,0.009,보통,0.051,좋음,0.5,좋음,0.003
1064,2021-04-01:07,보통,40.0,보통,16.0,좋음,0.01,보통,0.049,좋음,0.5,좋음,0.003
1065,2021-04-01:06,보통,35.0,보통,16.0,좋음,0.011,보통,0.045,좋음,0.5,좋음,0.003
1066,2021-04-01:05,보통,38.0,보통,19.0,좋음,0.018,보통,0.033,좋음,0.5,좋음,0.003
1067,2021-04-01:04,보통,36.0,보통,17.0,좋음,0.019,보통,0.033,좋음,0.5,좋음,0.003
1068,2021-04-01:03,보통,41.0,보통,23.0,좋음,0.006,보통,0.052,좋음,0.6,좋음,0.003
1069,2021-04-01:02,보통,37.0,보통,18.0,좋음,0.003,보통,0.055,좋음,0.6,좋음,0.003
1070,2021-04-01:01,보통,39.0,보통,20.0,좋음,0.003,보통,0.057,좋음,0.6,좋음,0.003
1071,2021-03-31:24,보통,40.0,보통,18.0,좋음,0.014,보통,0.044,좋음,0.5,좋음,0.003
1072,2021-03-31:23,보통,41.0,보통,19.0,보통,0.035,좋음,0.023,좋음,0.5,좋음,0.003
1073,2021-03-31:22,보통,36.0,보통,16.0,보통,0.035,좋음,0.024,좋음,0.4,좋음,0.003
1074,2021-03-31:21,보통,42.0,좋음,15.0,좋음,0.023,보통,0.037,좋음,0.5,좋음,0.003
1075,2021-03-31:20,보통,36.0,좋음,15.0,좋음,0.023,보통,0.04,좋음,0.4,좋음,0.003
1076,2021-03-31:19,보통,35.0,좋음,15.0,보통,0.034,좋음,0.029,좋음,0.4,좋음,0.003
1077,2021-03-31:18,보통,37.0,보통,16.0,보통,0.048,좋음,0.025,좋음,0.3,좋음,0.003
1078,2021-03-31:17,보통,47.0,보통,23.0,보통,0.04,좋음,0.028,좋음,0.4,좋음,0.003
1079,2021-03-31:16,보통,39.0,보통,18.0,보통,0.032,보통,0.037,좋음,0.5,좋음,0.003
1080,2021-03-31:15,보통,38.0,보통,21.0,보통,0.039,좋음,0.029,좋음,0.4,좋음,0.003
1081,2021-03-31:14,보통,43.0,보통,21.0,보통,0.041,좋음,0.027,좋음,0.4,좋음,0.004
1082,2021-03-31:13,보통,50.0,보통,22.0,보통,0.041,좋음,0.026,좋음,0.4,좋음,0.003
1083,2021-03-31:12,보통,58.0,보통,26.0,좋음,0.028,보통,0.04,좋음,0.6,좋음,0.003
1084,2021-03-31:11,보통,63.0,보통,24.0,좋음,0.02,보통,0.046,좋음,0.6,좋음,0.004
1085,2021-03-31:10,보통,77.0,,,좋음,0.02,보통,0.04,좋음,0.6,좋음,0.003
1086,2021-03-31:09,보통,76.0,,,좋음,0.01,보통,0.054,좋음,0.8,좋음,0.004
1087,2021-03-31:08,보통,50.0,보통,22.0,좋음,0.005,보통,0.054,좋음,0.7,좋음,0.003
1088,2021-03-31:07,보통,48.0,보통,21.0,좋음,0.003,보통,0.052,좋음,0.6,좋음,0.003
1089,2021-03-31:06,보통,39.0,보통,18.0,좋음,0.003,보통,0.049,좋음,0.6,좋음,0.003
1090,2021-03-31:05,보통,46.0,보통,19.0,좋음,0.008,보통,0.042,좋음,0.5,좋음,0.003
1091,2021-03-31:04,보통,41.0,보통,17.0,좋음,0.006,보통,0.046,좋음,0.6,좋음,0.003
1092,2021-03-31:03,보통,48.0,보통,20.0,좋음,0.003,보통,0.054,좋음,0.6,좋음,0.002
1093,2021-03-31:02,보통,42.0,보통,17.0,좋음,0.003,보통,0.06,좋음,0.7,좋음,0.003
1094,2021-03-31:01,보통,52.0,보통,21.0,좋음,0.007,보통,0.053,좋음,0.6,좋음,0.003
1095,2021-03-30:24,보통,51.0,보통,19.0,좋음,0.003,나쁨,0.068,좋음,0.7,좋음,0.004
1096,2021-03-30:23,보통,51.0,보통,21.0,좋음,0.008,나쁨,0.061,좋음,0.5,좋음,0.003
1097,2021-03-30:22,보통,45.0,보통,16.0,좋음,0.016,보통,0.051,좋음,0.5,좋음,0.003
1098,2021-03-30:21,보통,47.0,보통,18.0,보통,0.033,좋음,0.03,좋음,0.4,좋음,0.003
1099,2021-03-30:20,보통,48.0,보통,18.0,보통,0.039,좋음,0.026,좋음,0.4,좋음,0.003
1100,2021-03-30:19,보통,54.0,보통,22.0,보통,0.041,좋음,0.024,좋음,0.4,좋음,0.003
1101,2021-03-30:18,보통,42.0,좋음,15.0,보통,0.048,좋음,0.016,좋음,0.3,좋음,0.003
1102,2021-03-30:17,보통,50.0,보통,17.0,보통,0.053,좋음,0.013,좋음,0.3,좋음,0.003
1103,2021-03-30:16,보통,51.0,좋음,15.0,보통,0.053,좋음,0.013,좋음,0.3,좋음,0.003
1104,2021-03-30:15,보통,53.0,보통,16.0,보통,0.055,좋음,0.01,좋음,0.3,좋음,0.003
1105,2021-03-30:14,보통,60.0,보통,17.0,보통,0.051,좋음,0.013,좋음,0.4,좋음,0.003
1106,2021-03-30:13,보통,72.0,보통,18.0,보통,0.043,좋음,0.017,좋음,0.3,좋음,0.003
1107,2021-03-30:12,나쁨,83.0,보통,23.0,보통,0.035,좋음,0.023,좋음,0.4,좋음,0.003
1108,2021-03-30:11,나쁨,130.0,보통,28.0,좋음,0.023,보통,0.036,좋음,0.5,좋음,0.004
1109,2021-03-30:10,나쁨,147.0,보통,28.0,좋음,0.015,보통,0.045,좋음,0.6,좋음,0.003
1110,2021-03-30:09,매우나쁨,162.0,보통,34.0,좋음,0.009,보통,0.049,좋음,0.9,좋음,0.003
1111,2021-03-30:08,매우나쁨,157.0,보통,32.0,좋음,0.004,보통,0.047,좋음,0.7,좋음,0.003
1112,2021-03-30:07,매우나쁨,232.0,나쁨,43.0,좋음,0.005,보통,0.043,좋음,0.5,좋음,0.003
1113,2021-03-30:06,매우나쁨,280.0,나쁨,50.0,좋음,0.003,보통,0.04,좋음,0.6,좋음,0.003
1114,2021-03-30:05,매우나쁨,391.0,나쁨,64.0,좋음,0.005,보통,0.038,좋음,0.6,좋음,0.003
1115,2021-03-30:04,매우나쁨,428.0,나쁨,68.0,좋음,0.008,보통,0.038,좋음,0.6,좋음,0.003
1116,2021-03-30:03,매우나쁨,437.0,나쁨,71.0,좋음,0.012,보통,0.033,좋음,0.5,좋음,0.002
1117,2021-03-30:02,매우나쁨,452.0,나쁨,70.0,좋음,0.015,좋음,0.03,좋음,0.5,좋음,0.002
1118,2021-03-30:01,매우나쁨,421.0,나쁨,69.0,좋음,0.019,좋음,0.028,좋음,0.5,좋음,0.003
1119,2021-03-29:24,매우나쁨,382.0,나쁨,64.0,좋음,0.019,보통,0.032,좋음,0.5,좋음,0.002
1120,2021-03-29:23,매우나쁨,382.0,나쁨,62.0,좋음,0.014,보통,0.042,좋음,0.6,좋음,0.003
1121,2021-03-29:22,매우나쁨,313.0,나쁨,53.0,좋음,0.017,보통,0.041,좋음,0.5,좋음,0.003
1122,2021-03-29:21,매우나쁨,220.0,나쁨,38.0,좋음,0.025,보통,0.033,좋음,0.5,좋음,0.003
1123,2021-03-29:20,매우나쁨,182.0,보통,31.0,좋음,0.025,보통,0.034,좋음,0.5,좋음,0.003
1124,2021-03-29:19,매우나쁨,176.0,보통,27.0,좋음,0.03,좋음,0.029,좋음,0.4,좋음,0.003
1125,2021-03-29:18,매우나쁨,183.0,보통,27.0,보통,0.034,좋음,0.024,좋음,0.4,좋음,0.003
1126,2021-03-29:17,매우나쁨,191.0,보통,28.0,보통,0.035,좋음,0.022,좋음,0.4,좋음,0.003
1127,2021-03-29:16,매우나쁨,187.0,보통,25.0,보통,0.04,좋음,0.014,좋음,0.3,좋음,0.003
1128,2021-03-29:15,매우나쁨,195.0,보통,22.0,보통,0.041,좋음,0.012,좋음,0.3,좋음,0.003
1129,2021-03-29:14,매우나쁨,243.0,보통,31.0,보통,0.041,좋음,0.011,좋음,0.4,좋음,0.003
1130,2021-03-29:13,매우나쁨,243.0,보통,32.0,보통,0.039,좋음,0.014,좋음,0.4,좋음,0.003
1131,2021-03-29:12,매우나쁨,271.0,보통,31.0,보통,0.037,좋음,0.012,좋음,0.4,좋음,0.003
1132,2021-03-29:11,매우나쁨,481.0,나쁨,56.0,보통,0.035,좋음,0.011,좋음,0.4,좋음,0.003
1133,2021-03-29:10,매우나쁨,598.0,매우나쁨,88.0,좋음,0.023,좋음,0.02,좋음,0.6,좋음,0.002
1134,2021-03-29:09,매우나쁨,522.0,매우나쁨,95.0,좋음,0.017,좋음,0.025,좋음,0.7,좋음,0.002
1135,2021-03-29:08,매우나쁨,464.0,매우나쁨,96.0,좋음,0.017,좋음,0.026,좋음,0.7,좋음,0.002
1136,2021-03-29:07,매우나쁨,545.0,매우나쁨,120.0,좋음,0.014,좋음,0.027,좋음,0.8,좋음,0.002
1137,2021-03-29:06,매우나쁨,525.0,매우나쁨,114.0,좋음,0.014,좋음,0.024,좋음,0.8,좋음,0.002
1138,2021-03-29:05,매우나쁨,488.0,매우나쁨,114.0,좋음,0.018,좋음,0.022,좋음,0.8,좋음,0.002
1139,2021-03-29:04,매우나쁨,421.0,매우나쁨,106.0,좋음,0.024,좋음,0.016,좋음,0.8,좋음,0.002
1140,2021-03-29:03,매우나쁨,295.0,매우나쁨,77.0,좋음,0.028,좋음,0.014,좋음,0.8,좋음,0.002
1141,2021-03-29:02,나쁨,81.0,보통,29.0,보통,0.041,좋음,0.012,좋음,0.6,좋음,0.002
1142,2021-03-29:01,좋음,30.0,보통,17.0,보통,0.044,좋음,0.013,좋음,0.5,좋음,0.003
1143,2021-03-28:24,보통,42.0,보통,31.0,보통,0.04,좋음,0.018,좋음,0.6,좋음,0.002
1144,2021-03-28:23,보통,57.0,나쁨,37.0,보통,0.038,좋음,0.019,좋음,0.6,좋음,0.003
1145,2021-03-28:22,보통,40.0,보통,26.0,보통,0.034,좋음,0.021,좋음,0.6,좋음,0.002
1146,2021-03-28:21,좋음,30.0,보통,21.0,보통,0.033,좋음,0.02,좋음,0.5,좋음,0.002
1147,2021-03-28:20,좋음,24.0,보통,17.0,보통,0.035,좋음,0.02,좋음,0.4,좋음,0.003
1148,2021-03-28:19,좋음,22.0,좋음,15.0,보통,0.043,좋음,0.016,좋음,0.4,좋음,0.002
1149,2021-03-28:18,좋음,20.0,좋음,14.0,보통,0.043,좋음,0.014,좋음,0.4,좋음,0.002
1150,2021-03-28:17,좋음,27.0,보통,21.0,보통,0.041,좋음,0.016,좋음,0.4,좋음,0.002
1151,2021-03-28:16,좋음,26.0,보통,20.0,보통,0.035,좋음,0.017,좋음,0.4,좋음,0.002
1152,2021-03-28:15,좋음,27.0,보통,20.0,보통,0.037,좋음,0.014,좋음,0.4,좋음,0.002
1153,2021-03-28:14,좋음,26.0,보통,18.0,좋음,0.03,좋음,0.02,좋음,0.4,좋음,0.002
1154,2021-03-28:13,좋음,26.0,보통,17.0,좋음,0.029,좋음,0.02,좋음,0.5,좋음,0.002
1155,2021-03-28:12,좋음,17.0,좋음,12.0,좋음,0.026,좋음,0.023,좋음,0.5,좋음,0.002
1156,2021-03-28:11,좋음,17.0,좋음,12.0,좋음,0.029,좋음,0.019,좋음,0.5,좋음,0.002
1157,2021-03-28:10,좋음,9.0,좋음,8.0,보통,0.032,좋음,0.015,좋음,0.5,좋음,0.002
1158,2021-03-28:09,좋음,12.0,좋음,8.0,보통,0.033,좋음,0.013,좋음,0.5,좋음,0.002
1159,2021-03-28:08,좋음,14.0,좋음,11.0,보통,0.032,좋음,0.013,좋음,0.4,좋음,0.003
1160,2021-03-28:07,좋음,24.0,좋음,14.0,보통,0.031,좋음,0.011,좋음,0.4,좋음,0.003
1161,2021-03-28:06,좋음,12.0,좋음,7.0,좋음,0.029,좋음,0.011,좋음,0.3,좋음,0.002
1162,2021-03-28:05,좋음,11.0,좋음,10.0,좋음,0.027,좋음,0.009,좋음,0.3,좋음,0.002
1163,2021-03-28:04,좋음,6.0,좋음,4.0,좋음,0.02,좋음,0.008,좋음,0.3,좋음,0.003
1164,2021-03-28:03,좋음,9.0,좋음,6.0,좋음,0.022,좋음,0.01,좋음,0.3,좋음,0.003
1165,2021-03-28:02,좋음,14.0,좋음,8.0,좋음,0.015,좋음,0.024,좋음,0.4,좋음,0.003
1166,2021-03-28:01,좋음,21.0,좋음,12.0,좋음,0.014,좋음,0.029,좋음,0.6,좋음,0.002
1167,2021-03-27:24,좋음,20.0,좋음,12.0,좋음,0.014,보통,0.032,좋음,0.5,좋음,0.002
1168,2021-03-27:23,좋음,25.0,보통,17.0,좋음,0.014,보통,0.036,좋음,0.5,좋음,0.003
1169,2021-03-27:22,좋음,25.0,보통,17.0,좋음,0.017,보통,0.034,좋음,0.5,좋음,0.003
1170,2021-03-27:21,보통,35.0,보통,24.0,좋음,0.015,보통,0.039,좋음,0.6,좋음,0.003
1171,2021-03-27:20,보통,37.0,보통,22.0,좋음,0.017,보통,0.039,좋음,0.5,좋음,0.002
1172,2021-03-27:19,보통,41.0,보통,23.0,좋음,0.023,보통,0.036,좋음,0.5,좋음,0.003
1173,2021-03-27:18,보통,42.0,보통,23.0,좋음,0.023,보통,0.04,좋음,0.5,좋음,0.003
1174,2021-03-27:17,보통,52.0,보통,27.0,좋음,0.019,보통,0.047,좋음,0.5,좋음,0.003
1175,2021-03-27:16,보통,59.0,보통,30.0,좋음,0.02,보통,0.048,좋음,0.6,좋음,0.003
1176,2021-03-27:15,보통,60.0,보통,29.0,좋음,0.024,보통,0.045,좋음,0.5,좋음,0.003
1177,2021-03-27:14,보통,60.0,보통,31.0,좋음,0.026,보통,0.044,좋음,0.5,좋음,0.002
1178,2021-03-27:13,보통,80.0,나쁨,44.0,좋음,0.021,보통,0.052,좋음,0.6,좋음,0.003
1179,2021-03-27:12,나쁨,84.0,나쁨,44.0,좋음,0.013,나쁨,0.062,좋음,0.7,좋음,0.005
1180,2021-03-27:11,나쁨,86.0,나쁨,46.0,좋음,0.009,나쁨,0.066,좋음,0.7,좋음,0.005
1181,2021-03-27:10,나쁨,90.0,나쁨,50.0,좋음,0.009,나쁨,0.065,좋음,0.6,좋음,0.005
1182,2021-03-27:09,나쁨,100.0,나쁨,53.0,좋음,0.008,나쁨,0.068,좋음,0.8,좋음,0.004
1183,2021-03-27:08,나쁨,92.0,나쁨,50.0,좋음,0.003,나쁨,0.075,좋음,0.9,좋음,0.005
1184,2021-03-27:07,나쁨,89.0,나쁨,52.0,좋음,0.002,나쁨,0.075,좋음,0.9,좋음,0.004
1185,2021-03-27:06,나쁨,81.0,나쁨,47.0,좋음,0.003,나쁨,0.076,좋음,0.9,좋음,0.004
1186,2021-03-27:05,나쁨,91.0,나쁨,55.0,좋음,0.011,나쁨,0.065,좋음,0.7,좋음,0.004
1187,2021-03-27:04,나쁨,107.0,나쁨,70.0,좋음,0.003,나쁨,0.084,좋음,1.0,좋음,0.004
1188,2021-03-27:03,나쁨,125.0,매우나쁨,78.0,좋음,0.003,나쁨,0.09,좋음,1.1,좋음,0.005
1189,2021-03-27:02,나쁨,110.0,나쁨,69.0,좋음,0.003,나쁨,0.088,좋음,1.0,좋음,0.004
1190,2021-03-27:01,나쁨,120.0,나쁨,72.0,좋음,0.003,나쁨,0.088,좋음,1.2,좋음,0.004
1191,2021-03-26:24,나쁨,110.0,나쁨,67.0,좋음,0.003,나쁨,0.098,좋음,1.4,좋음,0.004
1192,2021-03-26:23,나쁨,122.0,매우나쁨,77.0,좋음,0.003,나쁨,0.095,좋음,1.2,좋음,0.004
1193,2021-03-26:22,나쁨,110.0,나쁨,66.0,좋음,0.002,나쁨,0.094,좋음,1.1,좋음,0.004
1194,2021-03-26:21,나쁨,138.0,매우나쁨,85.0,좋음,0.003,나쁨,0.098,좋음,0.9,좋음,0.004
1195,2021-03-26:20,나쁨,124.0,나쁨,74.0,좋음,0.009,나쁨,0.093,좋음,0.7,좋음,0.004
1196,2021-03-26:19,나쁨,89.0,나쁨,49.0,좋음,0.024,나쁨,0.069,좋음,0.6,좋음,0.004
1197,2021-03-26:18,나쁨,91.0,나쁨,52.0,보통,0.034,보통,0.054,좋음,0.6,좋음,0.004
1198,2021-03-26:17,나쁨,104.0,나쁨,61.0,보통,0.033,보통,0.056,좋음,0.6,좋음,0.004
1199,2021-03-26:16,나쁨,97.0,나쁨,58.0,보통,0.033,보통,0.053,좋음,0.6,좋음,0.003
1200,2021-03-26:15,나쁨,122.0,매우나쁨,78.0,보통,0.032,보통,0.053,좋음,0.6,좋음,0.004
1201,2021-03-26:14,나쁨,119.0,나쁨,75.0,좋음,0.027,보통,0.06,좋음,0.8,좋음,0.004
1202,2021-03-26:13,나쁨,134.0,매우나쁨,92.0,좋음,0.029,보통,0.057,좋음,0.8,좋음,0.005
1203,2021-03-26:12,매우나쁨,151.0,매우나쁨,101.0,좋음,0.022,나쁨,0.073,좋음,1.1,좋음,0.005
1204,2021-03-26:11,매우나쁨,160.0,매우나쁨,113.0,좋음,0.016,나쁨,0.073,좋음,1.1,좋음,0.005
1205,2021-03-26:10,나쁨,150.0,매우나쁨,111.0,좋음,0.009,나쁨,0.068,좋음,1.1,좋음,0.004
1206,2021-03-26:09,매우나쁨,152.0,매우나쁨,110.0,좋음,0.008,보통,0.056,좋음,1.1,좋음,0.003
1207,2021-03-26:08,나쁨,143.0,매우나쁨,103.0,좋음,0.006,보통,0.05,좋음,0.7,좋음,0.003
1208,2021-03-26:07,나쁨,144.0,매우나쁨,103.0,좋음,0.007,보통,0.048,좋음,0.7,좋음,0.003
1209,2021-03-26:06,나쁨,131.0,매우나쁨,96.0,좋음,0.018,보통,0.041,좋음,0.6,좋음,0.003
1210,2021-03-26:05,나쁨,131.0,매우나쁨,95.0,좋음,0.016,보통,0.035,좋음,0.6,좋음,0.003
1211,2021-03-26:04,나쁨,117.0,매우나쁨,87.0,좋음,0.016,보통,0.036,좋음,0.6,좋음,0.003
1212,2021-03-26:03,나쁨,115.0,매우나쁨,83.0,좋음,0.018,보통,0.037,좋음,0.6,좋음,0.003
1213,2021-03-26:02,나쁨,106.0,매우나쁨,79.0,좋음,0.019,보통,0.038,좋음,0.6,좋음,0.003
1214,2021-03-26:01,나쁨,102.0,매우나쁨,77.0,좋음,0.016,보통,0.045,좋음,0.6,좋음,0.002
1215,2021-03-25:24,나쁨,87.0,나쁨,65.0,좋음,0.011,보통,0.055,좋음,0.6,좋음,0.003
1216,2021-03-25:23,나쁨,81.0,나쁨,64.0,좋음,0.009,나쁨,0.061,좋음,0.6,좋음,0.003
1217,2021-03-25:22,나쁨,83.0,나쁨,55.0,좋음,0.011,나쁨,0.065,좋음,0.6,좋음,0.003
1218,2021-03-25:21,나쁨,88.0,나쁨,47.0,좋음,0.02,나쁨,0.063,좋음,0.6,좋음,0.004
1219,2021-03-25:20,나쁨,87.0,나쁨,48.0,보통,0.034,보통,0.054,좋음,0.6,좋음,0.004
1220,2021-03-25:19,나쁨,110.0,나쁨,53.0,보통,0.049,보통,0.045,좋음,0.5,좋음,0.004
1221,2021-03-25:18,나쁨,113.0,나쁨,53.0,보통,0.074,보통,0.033,좋음,0.5,좋음,0.005
1222,2021-03-25:17,나쁨,122.0,나쁨,58.0,보통,0.085,보통,0.031,좋음,0.5,좋음,0.006
1223,2021-03-25:16,나쁨,110.0,나쁨,52.0,보통,0.075,좋음,0.026,좋음,0.5,좋음,0.005
1224,2021-03-25:15,나쁨,108.0,나쁨,58.0,보통,0.069,좋음,0.03,좋음,0.5,좋음,0.004
1225,2021-03-25:14,나쁨,97.0,나쁨,53.0,보통,0.054,보통,0.039,좋음,0.5,좋음,0.004
1226,2021-03-25:13,나쁨,89.0,나쁨,50.0,보통,0.049,보통,0.038,좋음,0.5,좋음,0.004
1227,2021-03-25:12,보통,73.0,나쁨,40.0,보통,0.042,보통,0.042,좋음,0.5,좋음,0.003
1228,2021-03-25:11,보통,66.0,보통,33.0,보통,0.036,보통,0.037,좋음,0.5,좋음,0.003
1229,2021-03-25:10,보통,56.0,보통,30.0,좋음,0.025,보통,0.041,좋음,0.5,좋음,0.003
1230,2021-03-25:09,보통,57.0,보통,32.0,좋음,0.008,보통,0.052,좋음,0.7,좋음,0.003
1231,2021-03-25:08,보통,47.0,보통,25.0,좋음,0.004,보통,0.054,좋음,0.6,좋음,0.003
1232,2021-03-25:07,보통,48.0,보통,26.0,좋음,0.008,보통,0.048,좋음,0.5,좋음,0.003
1233,2021-03-25:06,보통,40.0,보통,18.0,보통,0.032,좋음,0.02,좋음,0.3,좋음,0.003
1234,2021-03-25:05,보통,39.0,보통,18.0,좋음,0.026,좋음,0.025,좋음,0.4,좋음,0.003
1235,2021-03-25:04,보통,34.0,좋음,15.0,좋음,0.017,보통,0.033,좋음,0.4,좋음,0.002
1236,2021-03-25:03,보통,35.0,좋음,13.0,좋음,0.029,좋음,0.025,좋음,0.4,좋음,0.003
1237,2021-03-25:02,보통,35.0,좋음,13.0,보통,0.031,좋음,0.025,좋음,0.3,좋음,0.003
1238,2021-03-25:01,보통,42.0,좋음,13.0,좋음,0.022,보통,0.037,좋음,0.4,좋음,0.003
